Date,Country 1,Country 2,Country 3,Country 4,Country 5,Country 6,Target country,Strikes in Iraq,Strikes in Syria,Location 1,Location 2,Aircraft type,Number of aircrafts,Ammunition,Target 1,No of target 1,Status of target 1,Target 2,No of target 2,Status of target 2,Target 3,No of target 3,Status of target 3,Target 4,No of target 4,Status of target 4,Target 5,No of target 5,Status of target 5,Target 6,No of target 6,Status of target 6,Target 7,No of target 7,Status of target 7,Target 8,No of target 8,Status of target 8,Target 9,No of target 9,Status of target 9,Target 10,No of target 10,Status of target 10,Casualties?,Casualties estimate
2014-08-08T00:00:00Z,USA,,,,,,Iraq,1,,Irbil,,Attack,2,500-pound laser-guided bombs,Mobile artillery piece,1,Unknown,,,,,,,,,,,,,,,,,,,,,,,,,,,,,
2014-08-08T00:00:00Z,USA,,,,,,Iraq,1,,Irbil,,Remotely piloted aircraft,1,,Mortar position,1,Unknown,,,,,,,,,,,,,,,,,,,,,,,,,,,,Yes,Unknown
2014-08-08T00:00:00Z,USA,,,,,,Iraq,1,,Irbil,,Attack,4,Laser guided bomb,Convoy,7,Destroyed,Mortar position,1,Destroyed,,,,,,,,,,,,,,,,,,,,,,,,,,
2014-08-09T00:00:00Z,USA,,,,,,Iraq,4,,Sinjar,,Fighter and remotely piloted aircraft,,,APC,6,Destroyed,Armed truck,1,Destroyed,,,,,,,,,,,,,,,,,,,,,,,,,,
2014-08-10T00:00:00Z,USA,,,,,,Iraq,6,,Irbil,,Fighter and remotely piloted aircraft,,,Armed truck,3,Destroyed,Mortar position,1,Destroyed,Armed vehicle,1,Damaged,Convoy,1,Destroyed,,,,,,,,,,,,,,,,,,,,
2014-08-11T00:00:00Z,USA,,,,,,Iraq,4,,Sinjar,,Fighter,1,,Checkpoint,3,Destroyed,Armed truck,1,Destroyed,High-Mobility Multipurpose Wheeled Vehicle,1,Destroyed,Checkpoint,1,Damaged,Truck,1,Destroyed,,,,,,,,,,,,,,,,,
2014-08-12T00:00:00Z,USA,,,,,,Iraq,1,,Sinjar,,Remotely piloted aircraft,1,,Mortar position,1,Destroyed,,,,,,,,,,,,,,,,,,,,,,,,,,,,,
2014-08-13T00:00:00Z,USA,,,,,,Iraq,1,,Sinjar,,Remotely piloted aircraft,1,,Armed vehicle,1,Destroyed,,,,,,,,,,,,,,,,,,,,,,,,,,,,,
2014-08-14T00:00:00Z,USA,,,,,,Iraq,4,,Irbil,,Fighter and remotely piloted aircraft,,,Armed vehicle,2,Destroyed,MRAP,1,Destroyed,,,,,,,,,,,,,,,,,,,,,,,,,,
2014-08-15T00:00:00Z,USA,,,,,,Iraq,1,,Irbil,,Remotely piloted aircraft,1,,Armed vehicle,1,Destroyed,,,,,,,,,,,,,,,,,,,,,,,,,,,,,
2014-08-16T00:00:00Z,USA,,,,,,Iraq,9,,Irbil,Mosul,Fighter and remotely piloted aircraft,,,APC,4,Destroyed,Armed vehicle,7,Destroyed,Humvee,2,Destroyed,Armored vehicle,1,Destroyed,,,,,,,,,,,,,,,,,,,,
2014-08-17T00:00:00Z,USA,,,,,,Iraq,14,,Mosul Dam,,"Attack, bomber, fighter, and remotely piloted aircraft",,,Armed vehicle,10,Damaged or destroyed,Humvee,7,Damaged or destroyed,APC,2,Damaged or destroyed,Checkpoint,1,Damaged or destroyed,,,,,,,,,,,,,,,,,,,,
2014-08-18T00:00:00Z,USA,,,,,,Iraq,15,,Mosul Dam,,"Bomber, fighter, and remotely piloted aircraft",,,Fighting position,9,Damaged or destroyed,Checkpoint,1,Damaged or destroyed,Armed vehicle,6,Damaged or destroyed,Light armored vehicle,1,Damaged or destroyed,Vehicle-mounted anti-aircraft artillery gun,1,Damaged or destroyed,IED emplacement belt,1,Damaged or destroyed,,,,,,,,,,,,,,
2014-08-19T00:00:00Z,USA,,,,,,Iraq,2,,Mosul Dam,,Fighter,1,,Checkpoint,1,Destroyed,Unknown,Unknown,Unsuccessful,,,,,,,,,,,,,,,,,,,,,,,,,,
2014-08-20T00:00:00Z,USA,,,,,,Iraq,14,,Mosul Dam,,"Fighter, remotely piloted and attack aircraft",,,Humvee,6,Damaged or destroyed,IED emplacement,3,Damaged or destroyed,Mortar tube,1,Damaged or destroyed,Armed trucks,2,Damaged or destroyed,,,,,,,,,,,,,,,,,,,,
2014-08-21T00:00:00Z,USA,,,,,,Iraq,6,,Mosul Dam,,Attack and fighter,,,Humvee,3,Destroyed,Vehicle,1,Destroyed,IED emplacement,Multiple,Destroyed,,,,,,,,,,,,,,,,,,,,,,,
2014-08-22T00:00:00Z,USA,,,,,,Iraq,3,,Mosul Dam,,Attack and fighter,,,Armed vehicle,2,Destroyed,Machine gun emplacement,1,Destroyed,,,,,,,,,,,,,,,,,,,,,,,,,,
2014-08-23T00:00:00Z,USA,,,,,,Iraq,1,,Mosul Dam,,Fighter,1,,Vehicle,1,Destroyed,,,,,,,,,,,,,,,,,,,,,,,,,,,,,
2014-08-24T00:00:00Z,USA,,,,,,Iraq,1,,Irbil,Mosul Dam,Attack and remotely piloted aircraft,,,Armed vehicle,1,Destroyed,Humvee,1,Destroyed,,,,,,,,,,,,,,,,,,,,,,,,,,
2014-08-26T00:00:00Z,USA,,,,,,Iraq,2,,Irbil,,Attack,1,,Armed vehicle,2,Destroyed,Armed vehicle,1,Damaged,,,,,,,,,,,,,,,,,,,,,,,,,,
2014-08-27T00:00:00Z,USA,,,,,,Iraq,3,,Mosul Dam,Irbil,"Fighter, attack, and remotely piloted aircraft",,,Humvee,1,Destroyed,Supply truck,1,Destroyed,Armored vehicle,3,Destroyed,Building,1,Severely damaged,,,,,,,,,,,,,,,,,,,,
2014-08-28T00:00:00Z,USA,,,,,,Iraq,5,,Mosul Dam,,Fighter,1,,Humvee,1,Destroyed,Tank,1,Destroyed,Armed vehicle,4,Destroyed,Construction vehicle,1,Destroyed,Checkpoint,1,Severely damaged,,,,,,,,,,,,,,,,,
2014-08-29T00:00:00Z,USA,,,,,,Iraq,4,,Mosul Dam,,Attack and fighter,,,Armed vehicle,4,Destroyed,Armed vehicle,1,Severely damaged,Support vehicle,3,Destroyed,,,,,,,,,,,,,,,,,,,,,,,
2014-08-30T00:00:00Z,USA,,,,,,Iraq,5,,Mosul Dam,,Fighter and remotely piloted aircraft,,,Armed vehicle,1,Destroyed,Fighting position,1,Destroyed,Weapons,Multiple,Destroyed,Building,1,Severely damaged,,,,,,,,,,,,,,,,,,,,
2014-08-30T00:00:00Z,USA,,,,,,Iraq,3,,Amirli,,Fighter,1,,Humvee,3,Destroyed,Armed vehicle,1,Destroyed,Checkpoint,1,Destroyed,Tank,1,Destroyed,,,,,,,,,,,,,,,,,,,,
2014-08-31T00:00:00Z,USA,,,,,,Iraq,1,,Mosul Dam,,Attack and fighter,,,Armed vehicle,1,Destroyed,,,,,,,,,,,,,,,,,,,,,,,,,,,,,
2014-08-31T00:00:00Z,USA,,,,,,Iraq,1,,Amirli,,Attack and fighter,,,Tank,1,Damaged,,,,,,,,,,,,,,,,,,,,,,,,,,,,,
2014-09-01T00:00:00Z,USA,,,,,,Iraq,3,,Mosul Dam,,Attack and fighter,,,Truck,3,Destroyed,Truck,1,Damaged,Armed vehicle,1,Destroyed,Mortar position,1,Destroyed,,,,,,,,,,,,,,,,,,,,
2014-09-02T00:00:00Z,USA,,,,,,Iraq,1,,Mosul Dam,,Attack and fighter,,,Armed vehicle,16,Damaged or destroyed,,,,,,,,,,,,,,,,,,,,,,,,,,,,,
2014-09-03T00:00:00Z,USA,,,,,,Iraq,3,,Mosul Dam,,Fighter,1,,Armed vehicle,2,Destroyed,Observation post,1,Destroyed,,,,,,,,,,,,,,,,,,,,,,,,,,
2014-09-04T00:00:00Z,USA,,,,,,Iraq,4,,Mosul Dam,Irbil,"Fighter, attack, and remotely piloted aircraft",,,Observation post,1,Destroyed,Humvee,1,Destroyed,Armed vehicle,1,Destroyed,Truck,1,Destroyed,Mortar position,3,Destroyed,,,,,,,,,,,,,,,,,
2014-09-05T00:00:00Z,USA,,,,,,Iraq,2,,Irbil,,"Attack, fighter, and remotely piloted aircraft",,,Humvee,4,Destroyed,APC,1,Destroyed,Truck,2,Destroyed,Humvee,1,Damaged,Truck,1,Damaged,,,,,,,,,,,,,,,,,
2014-09-06T00:00:00Z,USA,,,,,,Iraq,4,,Haditah,,Fighter and bomber,,,Humvee,5,Destroyed,Armed vehicle,1,Destroyed,Checkpoint,1,Destroyed,Bunker,1,Damaged,,,,,,,,,,,,,,,,,,,,
2014-09-06T00:00:00Z,USA,,,,,,Iraq,1,,Mosul Dam,,Attack,1,,Humvee,1,Damaged,,,,,,,,,,,,,,,,,,,,,,,,,,,,,
2014-09-07T00:00:00Z,USA,,,,,,Iraq,5,,Haditha Dam,,"Attack, bomber and fighter",,,Humvee,4,Destroyed,Armed vehicle,2,Destroyed,Armed vehicle with antiaircraft artillery,2,Destroyed,Fighting position,1,Destroyed,Command post,1,Destroyed,Defensive fighting position,1,Destroyed,,,,,,,,,,,,,,
2014-09-08T00:00:00Z,USA,,,,,,Iraq,4,,Haditha Dam,,"Attack, fighter, and remotely piloted aircraft",,,Armed vehicle,2,Destroyed,Armed vehicle with antiaircraft artillery,1,Destroyed,Ground unit,1,Destroyed,,,,,,,,,,,,,,,,,,,,,,,
2014-09-08T00:00:00Z,USA,,,,,,Iraq,1,,Irbil,,"Attack, fighter, and remotely piloted aircraft",1,,Humvee,1,Destroyed,,,,,,,,,,,,,,,,,,,,,,,,,,,,,
2014-09-09T00:00:00Z,USA,,,,,,Iraq,1,,Irbil,,Attack,1,,Armed vehicle,1,Destroyed,,,,,,,,,,,,,,,,,,,,,,,,,,,,,
2014-09-09T00:00:00Z,USA,,,,,,Iraq,5,,Haditha Dam,,"Attack, fighter, and remotely piloted aircraft",,,Armed vehicle,6,Damaged or destroyed,Armed vehicle with antiaircraft artillery,2,Damaged or destroyed,Vehicle,5,Damaged or destroyed,Transport vehicle,1,Damaged or destroyed,,,,,,,,,,,,,,,,,,,,
2014-09-10T00:00:00Z,USA,,,,,,Iraq,2,,Mosul Dam,,Attack,1,,Machine gun emplacement,2,Destroyed,Bunker,1,Destroyed,,,,,,,,,,,,,,,,,,,,,,,,,,
2014-09-11T00:00:00Z,USA,,,,,,Iraq,2,,Mosul Dam,Irbil,Attack,,,Armed vehicle,2,Destroyed,,,,,,,,,,,,,,,,,,,,,,,,,,,,,
2014-09-12T00:00:00Z,USA,,,,,,Iraq,2,,Mosul Dam,,Attack,1,,Mortar position,1,Destroyed,Armed vehicle,1,Destroyed,,,,,,,,,,,,,,,,,,,,,,,,,,
2014-09-14T00:00:00Z,USA,,,,,,Iraq,1,,Sinjar,,Attack and fighter,,,Vehicle,6,Destroyed,,,,,,,,,,,,,,,,,,,,,,,,,,,,,
2014-09-14T00:00:00Z,USA,,,,,,Iraq,1,,SW Baghdad,,Attack and fighter,,,Fighting position,1,Destroyed,,,,,,,,,,,,,,,,,,,,,,,,,,,,,
2014-09-15T00:00:00Z,USA,,,,,,Iraq,2,,Irbil,,Fighter,,,Armed truck,1,Destroyed,Fighting position,1,Destroyed,,,,,,,,,,,,,,,,,,,,,,,,,,
2014-09-15T00:00:00Z,USA,,,,,,Iraq,3,,SW Baghdad,,Fighter,,,Truck,1,Damaged,Antiaircraft artillery piece,1,Destroyed,Ground unit,1,Destroyed,Supply boats,2,Destroyed,,,,,,,,,,,,,,,,,,,,
2014-09-16T00:00:00Z,USA,,,,,,Iraq,1,,Haditah,,"Fighter, attack, and remotely piloted aircraft",,,Armed vehicle,1,Destroyed,,,,,,,,,,,,,,,,,,,,,,,,,,,,,
2014-09-16T00:00:00Z,USA,,,,,,Iraq,2,,Irbil,,"Fighter, attack, and remotely piloted aircraft",,,Armed vehicle,2,Destroyed,,,,,,,,,,,,,,,,,,,,,,,,,,,,,
2014-09-16T00:00:00Z,USA,,,,,,Iraq,4,,SW Baghdad,,"Fighter, attack, and remotely piloted aircraft",,,Ground unit,1,Destroyed,Supply boat,1,Destroyed,,,,,,,,,,,,,,,,,,,,,,,,,,
2014-09-17T00:00:00Z,USA,,,,,,Iraq,1,,Mosul,,Fighter and bomber,,,Armed vehicle,1,Destroyed,Building,2,Destroyed,Ground unit,1,Destroyed,,,,,,,,,,,,,,,,,,,,,,,
2014-09-17T00:00:00Z,USA,,,,,,Iraq,1,,SE Baghdad,,Fighter and bomber,,,Ammunition stockpile,1,Destroyed,,,,,,,,,,,,,,,,,,,,,,,,,,,,,
2014-09-18T00:00:00Z,France,,,,,,Iraq,1,,Zumar,,Attack,,,Logistics depot,1,Destroyed,,,,,,,,,,,,,,,,,,,,,,,,,,,,,
2014-09-18T00:00:00Z,USA,,,,,,Iraq,1,,SE Baghdad,,Fighter,,,Boat,1,Destroyed,,,,,,,,,,,,,,,,,,,,,,,,,,,,,
2014-09-18T00:00:00Z,USA,,,,,,Iraq,1,,SW Baghdad,,Fighter,,,Ground unit,1,Damaged or destroyed,,,,,,,,,,,,,,,,,,,,,,,,,,,,,
2014-09-19T00:00:00Z,USA,,,,,,Iraq,1,,SW Baghdad,,Attack and fighter,,,Supply boat,1,Destroyed,,,,,,,,,,,,,,,,,,,,,,,,,,,,,
2014-09-20T00:00:00Z,USA,,,,,,Iraq,4,,Haditah,,Attack and fighter,,,Supply vehicle,2,Destroyed,Checkpoint,3,Destroyed,Guard outpost,2,Destroyed,,,,,,,,,,,,,,,,,,,,,,,
2014-09-20T00:00:00Z,USA,,,,,,Iraq,1,,SW Baghdad,,Fighter,1,,Fighting position,1,Damaged or destroyed,,,,,,,,,,,,,,,,,,,,,,,,,,,,,
2014-09-21T00:00:00Z,USA,,,,,,Iraq,2,,Sinjar,,Unknown,2,,Mortar position,1,Destroyed,Semi-tractor trailer carrying munitions,1,Destroyed,,,,,,,,,,,,,,,,,,,,,,,,,,
2014-09-22T00:00:00Z,USA,,,,,,Iraq,4,,Kirkuk,,"Attack, fighter, and remotely piloted aircraft",,,Vehicle,2,Destroyed,Tank,1,Destroyed,Humvee,1,Damaged,,,,,,,,,,,,,,,,,,,,,,,
2014-09-23T00:00:00Z,USA,,,,,,Iraq,1,,NW Baghdad,,Bomber and remotely piloted aircraft,,,Armed vehicle,1,Destroyed,,,,,,,,,,,,,,,,,,,,,,,,,,,,,
2014-09-23T00:00:00Z,USA,,,,,,Iraq,4,,Kirkuk,,Attack,,,Humvee,2,Destroyed,Armed vehicle,1,Destroyed,Fighting position,1,Destroyed,,,,,,,,,,,,,,,,,,,,,,,
2014-09-23T00:00:00Z,USA,,,,,,Syria,,2,Dayr az Zawr,,Bomber and remotely piloted aircraft,,,Vehicle,1,Damaged,Armed vehicle,1,Destroyed,,,,,,,,,,,,,,,,,,,,,,,,,,
2014-09-23T00:00:00Z,USA, Bahrain, Jordan, Saudi Arabia, Qatar, UAE,Syria,,14,"Ar Raqaah, Dayr az Zawr, Al Hasakah, Abu Kamal, Aleppo ",,"Fighter, bomber, remotely piloted aircraft",,,Fighters,,Unknown,Training compound,,Unknown,HQ and C&C facilities,,Unknown,Supply trucks,,Unknown,Storage facility,,Unknown,Armed vehicle,,Unknown,,,,,,,,,,,,,,
2014-09-24T00:00:00Z,USA,,,,,,Iraq,2,,W Baghdad,,"Attack, bomber and fighter",,,Armed vehicle,2,Destroyed,Weapon cache,1,Destroyed,,,,,,,,,,,,,,,,,,,,,,,,,,
2014-09-24T00:00:00Z,USA,,,,,,Iraq,2,,Irbil,,"Attack, bomber and fighter",,,Fighting position,,Destroyed,,,,,,,,,,,,,,,,,,,,,,,,,,,,,
2014-09-24T00:00:00Z,USA,,,,,,Syria,,1,NW Al Qaim,,"Attack, bomber and fighter",,,Vehicle,8,Damaged,,,,,,,,,,,,,,,,,,,,,,,,,,,,,
2014-09-24T00:00:00Z,USA, Saudi Arabia, UAE,,,,Syria,,12,"Al Mayadin, Al hasakah, Abu Kamel",,Fighter and remotely piloted aircraft,,,Modular oil refineries,12,Destroyed,,,,,,,,,,,,,,,,,,,,,,,,,,,,,
2014-09-24T00:00:00Z,USA,,,,,,Syria,,3,Unknown,,,,,,,,,,,,,,,,,,,,,,,,,,,,,,,,,,,,
2014-09-24T00:00:00Z,USA, Saudi Arabia, UAE,,,,Syria,,1,Dayr az Zawr,,Fighter and remotely piloted aircraft,,,Vehicle,1,Destroyed,,,,,,,,,,,,,,,,,,,,,,,,,,,,,
2014-09-25T00:00:00Z,France,,,,,,Iraq,1,,Fallujah,,,,,Warehouse,4,Destroyed,,,,,,,,,,,,,,,,,,,,,,,,,,,,,
2014-09-25T00:00:00Z,USA,,,,,,Iraq,1,,Irbil,,"Attack, bomber and fighter",,,Fighters,,Unknown,Armed vehicle,1,Damaged,,,,,,,,,,,,,,,,,,,,,,,,,,
2014-09-25T00:00:00Z,USA,,,,,,Iraq,5,,Kirkuk,,"Attack, bomber and fighter",,,Fighters,,Unknown,Tank,1,Destroyed,Vehicle,1,Destroyed,Humvee,1,Destroyed,Armed vehicle,2,Damaged,,,,,,,,,,,,,,,,,
2014-09-25T00:00:00Z,USA,,,,,,Iraq,5,,W Baghdad,,"Attack, bomber and fighter",,,Humvee,1,Destroyed,Checkpoint,4,Destroyed,Fighting position,1,Destroyed,Guard towers,2,Destroyed,Command post,1,Destroyed,,,,,,,,,,,,,,,,,
2014-09-26T00:00:00Z,USA,,,,,,Iraq,5,,Kirkuk,,"Fighter, attack, and remotely piloted aircraft",,,Humvee,3,Destroyed,Vehicle,1,Destroyed,Armed vehicle,2,Disabled,Mine-resistant ambush protected vehicle,1,Damaged,,,,,,,,,,,,,,,,,,,,
2014-09-26T00:00:00Z,USA,,,,,,Iraq,1,,Bagdhad,,"Fighter, attack, and remotely piloted aircraft",,,Guard shack,1,Destroyed,Armed vehicle,1,Destroyed,Bunker,1,Destroyed,,,,,,,,,,,,,,,,,,,,,,,
2014-09-26T00:00:00Z,USA,,,,,,Iraq,1,,Al Qaim,,"Fighter, attack, and remotely piloted aircraft",,,Armed vehicle,4,Destroyed,Command and control facility,1,Destroyed,Checkpoint,1,Destroyed,,,,,,,,,,,,,,,,,,,,,,,
2014-09-26T00:00:00Z,USA,,,,,,Syria,,3,Dayr az Zawr,,"Fighter, attack, and remotely piloted aircraft",,,Tank,4,Destroyed,Tank,1,Damaged,,,,,,,,,,,,,,,,,,,,,,,,,,
2014-09-27T00:00:00Z,USA, KSA, Jordan, UAE,,,Iraq,3,,Irbil,,Attack and fighter,,,Armed vehicle,4,Destroyed,Fighting position,1,Destroyed,,,,,,,,,,,,,,,,,,,,,,,,,,
2014-09-27T00:00:00Z,USA,,,,,,Syria,,2,Al Hasakah,,Attack and fighter,,,Building,Multiple,Destroyed,,,,,,,,,,,,,,,,,,,,,,,,,,,,,
2014-09-27T00:00:00Z,USA,,,,,,Syria,,1,Manbij,,Attack and fighter,,,Command and control,1,Damaged,,,,,,,,,,,,,,,,,,,,,,,,,,,,,
2014-09-27T00:00:00Z,USA,,,,,,Syria,,1,Kobane,,Attack and fighter,,,Building,1,Destroyed,Armed vehicle,2,Destroyed,,,,,,,,,,,,,,,,,,,,,,,,,,
2014-09-27T00:00:00Z,USA,,,,,,Syria,,3,Raqaa,,Attack and fighter,,,Airfield,1,Damaged,Garrison,1,Damaged,Training camp,1,Damaged,,,,,,,,,,,,,,,,,,,,,,,
2014-09-28T00:00:00Z,USA,,,,,,Iraq,1,,Bagdhad,,"Fighter, attack, and remotely piloted aircraft",,,Safe house,1,Destroyed,Checkpoint,1,Damaged,,,,,,,,,,,,,,,,,,,,,,,,,,
2014-09-28T00:00:00Z,USA,,,,,,Iraq,3,,Fallujah,,"Fighter, attack, and remotely piloted aircraft",,,Checkpoint,2,Destroyed,Transport vehicle,1,Destroyed,,,,,,,,,,,,,,,,,,,,,,,,,,
2014-09-28T00:00:00Z,USA, Saudi Arabia, UAE,,,,Syria,,2,Dayr az Zawr,,Fighter,,,Tank,1,Destroyed,Tank,1,Damaged,,,,,,,,,,,,,,,,,,,,,,,,,,
2014-09-28T00:00:00Z,USA, Saudi Arabia, UAE,,,,Syria,,1,NE Syria,,Fighter,,,Armed vehicle,3,Destroyed,Humvee,1,Destroyed,,,,,,,,,,,,,,,,,,,,,,,,,,
2014-09-28T00:00:00Z,USA, Saudi Arabia, UAE,,,,Syria,,5,Raqaa,,Fighter,,,Modular oil refineries,4,Destroyed,Command and control facility,1,Destroyed,,,,,,,,,,,,,,,,,,,,,,,,,,
2014-09-29T00:00:00Z,USA,,,,,,Iraq,1,,Kirkuk,,Attack and remotely piloted aircraft,,,Vehicle,2,Destroyed,,,,,,,,,,,,,,,,,,,,,,,,,,,,,
2014-09-29T00:00:00Z,USA,,,,,,Iraq,2,,Sinjar,,Attack and remotely piloted aircraft,,,Armed vehicle,2,Destroyed,,,,,,,,,,,,,,,,,,,,,,,,,,,,,
2014-09-29T00:00:00Z,USA,,,,,,,1,,NW Iraq,,Unknown,,,Armed vehicle,1,Unsuccessful,,,,,,,,,,,,,,,,,,,,,,,,,,,,,
2014-09-29T00:00:00Z,USA, Jordan, UAE,,,,Syria,,2,Dayr az Zawr,,Fighter and remotely piloted aircraft,,,Armed vehicle,1,Destroyed,Antiaircraft artillery transport vehicle,1,Destroyed,,,,,,,,,,,,,,,,,,,,,,,,,,
2014-09-29T00:00:00Z,USA, Jordan, UAE,,,,Syria,,2,Aleppo,,Fighter and remotely piloted aircraft,,,Airfield,1,Destroyed,Compound,1,Destroyed,,,,,,,,,,,,,,,,,,,,,,,,,,
2014-09-29T00:00:00Z,USA, Jordan, UAE,,,,Syria,,2,Raqaa,,Fighter and remotely piloted aircraft,,,Compound,2,Destroyed,,,,,,,,,,,,,,,,,,,,,,,,,,,,,
2014-09-29T00:00:00Z,USA, Jordan, UAE,,,,Syria,,2,Manbij,,Fighter and remotely piloted aircraft,,,Training camp,1,,Vehicle,Multiple,Destroyed,,,,,,,,,,,,,,,,,,,,,,,,,,
2014-09-30T00:00:00Z,UK,,,,,,Iraq,2,,NW Iraq,,Attack,2,"Paveway IV guided bomb, Brimstone missile",Heavy weapon position,1,Destroyed,Armed vehicle,1,Destroyed,,,,,,,,,,,,,,,,,,,,,,,,,,
2014-09-30T00:00:00Z,USA,,,,,,Iraq,2,,Mosul Dam,,"Attack, fighter, and remotely piloted aircraft",,,Fighting position,1,Destroyed,Armed vehicle,1,Destroyed,,,,,,,,,,,,,,,,,,,,,,,,,,
2014-09-30T00:00:00Z,USA,,,,,,Iraq,1,,NW Baghdad,,"Attack, fighter, and remotely piloted aircraft",,,Armed vehicle,1,Destroyed,,,,,,,,,,,,,,,,,,,,,,,,,,,,,
2014-09-30T00:00:00Z,USA,,,,,,Iraq,1,,Fallujah,,"Attack, fighter, and remotely piloted aircraft",,,Checkpoint,1,Unknown,,,,,,,,,,,,,,,,,,,,,,,,,,,,,
2014-09-30T00:00:00Z,USA,,,,,,Iraq,7,,Sinjar,,"Attack, fighter, and remotely piloted aircraft",,,Armored vehicle,1,Destroyed,Transport vehicle,2,Destroyed,Armed vehicle,4,Destroyed,Armed vehicle,1,Damaged,,,,,,,,,,,,,,,,,,,,
2014-09-30T00:00:00Z,USA,,,,,,Syria,,5,NE Syria,,"Attack, fighter, and remotely piloted aircraft",,,Artillery piece,1,Destroyed,Tank,1,Destroyed,Armed vehicle,3,Destroyed,Facilities,1,Destroyed,Observation post,1,Destroyed,Fighting positions,4,Unknown,,,,,,,,,,,,,,
2014-09-30T00:00:00Z,USA,,,,,,Syria,,3,Mazraa al Dawud,,"Attack, fighter, and remotely piloted aircraft",,,Artillery piece,1,Destroyed,Artillery piece,1,Damaged,Rocket launcher,2,Destroyed,,,,,,,,,,,,,,,,,,,,,,,
2014-09-30T00:00:00Z,USA,,,,,,Syria,,1,Aleppo,,"Attack, fighter, and remotely piloted aircraft",,,Building,4,Destroyed,,,,,,,,,,,,,,,,,,,,,,,,,,,,,
2014-09-30T00:00:00Z,USA,,,,,,Syria,,2,Dayr az Zawr,,"Attack, fighter, and remotely piloted aircraft",,,Armored vehicle,1,Destroyed,Armed vehicle,1,Destroyed,,,,,,,,,,,,,,,,,,,,,,,,,,
2014-10-01T00:00:00Z,UK,,,,,,Iraq,1,,NW Baghdad,,Attack,2,Brimstone missiles,Armed vehicle,1,Destroyed,Vehicle,1,Destroyed,,,,,,,,,,,,,,,,,,,,,,,,,,
2014-10-01T00:00:00Z,USA, UK,,,,,Iraq,3,,NW Mosul,,Fighter and remotely piloted aircraft,,,Building,1,Destroyed,Fighting position,2,Unknown,,,,,,,,,,,,,,,,,,,,,,,,,,
2014-10-01T00:00:00Z,USA, UK,,,,,Iraq,1,,Haditah,,Fighter and remotely piloted aircraft,,,Armed vehicle,1,Destroyed,,,,,,,,,,,,,,,,,,,,,,,,,,,,,
2014-10-01T00:00:00Z,USA,,,,,,Syria,,3,Kobane,,Fighter and remotely piloted aircraft,,,Armed vehicle,1,Destroyed,Artillery piece,1,Destroyed,Tank,1,Destroyed,,,,,,,,,,,,,,,,,,,,,,,
2014-10-02T00:00:00Z,USA, UAE,,,,,Syria,,1,North of Sinjar ,,"Attack, bomber, fighter, and remotely piloted aircraft",,,Tank,1,Damaged,,,,,,,,,,,,,,,,,,,,,,,,,,,,,
2014-10-02T00:00:00Z,UK,,,,,,Iraq,4,,NW Iraq,,Attack,2,Paveway IV guided bomb,Armed vehicle,1,Destroyed,,,,,,,,,,,,,,,,,,,,,,,,,,,,,
2014-10-02T00:00:00Z,USA,,,,,,Iraq,1,,NW Baghdad,,"Attack, bomber, fighter, and remotely piloted aircraft",,,Armed vehicle,2,Destroyed,Vehicle,2,Destroyed,,,,,,,,,,,,,,,,,,,,,,,,,,
2014-10-02T00:00:00Z,USA,,,,,,Iraq,2,,Mosul,,"Attack, bomber, fighter, and remotely piloted aircraft",,,Humvee,1,Destroyed,Humvee,2,Damaged,Armed vehicle,3,Destroyed,Armed vehicle,1,Damaged,Building,1,Damaged,,,,,,,,,,,,,,,,,
2014-10-02T00:00:00Z,USA,,,,,,Iraq,1,,Fallujah,,"Attack, bomber, fighter, and remotely piloted aircraft",,,Vehicle,1,Destroyed,,,,,,,,,,,,,,,,,,,,,,,,,,,,,
2014-10-02T00:00:00Z,USA,,,,,,Iraq,2,,Ramadi,,"Attack, bomber, fighter, and remotely piloted aircraft",,,Building,1,Damaged,Vehicle,1,Destroyed,,,,,,,,,,,,,,,,,,,,,,,,,,
2014-10-02T00:00:00Z,USA, UAE,,,,,Syria,,1,Raqaa,,"Attack, bomber, fighter, and remotely piloted aircraft",,,Tank,1,Damaged,,,,,,,,,,,,,,,,,,,,,,,,,,,,,
2014-10-02T00:00:00Z,USA, UAE,,,,,Syria,,1,Aleppo,,"Attack, bomber, fighter, and remotely piloted aircraft",,,Facilities,Multiple,Unknown,,,,,,,,,,,,,,,,,,,,,,,,,,,,,
2014-10-02T00:00:00Z,USA, UAE,,,,,Syria,,1,Kobane,,"Attack, bomber, fighter, and remotely piloted aircraft",,,Checkpoint,1,Destroyed,,,,,,,,,,,,,,,,,,,,,,,,,,,,,
2014-10-03T00:00:00Z,USA,,,,,,Iraq,1,,Sinjar,,Fighter and remotely piloted aircraft,,,Armed vehicle,2,Destroyed,,,,,,,,,,,,,,,,,,,,,,,,,,,,,
2014-10-03T00:00:00Z,USA,,,,,,Iraq,2,,Fallujah,,Fighter and remotely piloted aircraft,,,Fighters,Multiple,Unknown,,,,,,,,,,,,,,,,,,,,,,,,,,,,,
2014-10-03T00:00:00Z,USA, Saudi Arabia, UAE,,,,Syria,,1,Al Hasakah,,Fighter and remotely piloted aircraft,,,Garrison,1,Destroyed,,,,,,,,,,,,,,,,,,,,,,,,,,,,,
2014-10-03T00:00:00Z,USA, Saudi Arabia, UAE,,,,Syria,,1,Dayr az Zawr,,Fighter and remotely piloted aircraft,,,Tank,2,Destroyed,,,,,,,,,,,,,,,,,,,,,,,,,,,,,
2014-10-03T00:00:00Z,USA, Saudi Arabia, UAE,,,,Syria,,2,North Raqaa,,Fighter and remotely piloted aircraft,,,Modular oil refineries,2,Unknown,Training camp,1,Unknown,,,,,,,,,,,,,,,,,,,,,,,,,,
2014-10-03T00:00:00Z,USA, Saudi Arabia, UAE,,,,Syria,,1,Aleppo,,Fighter and remotely piloted aircraft,,,Building,1,Unknown,,,,,,,,,,,,,,,,,,,,,,,,,,,,,
2014-10-03T00:00:00Z,USA, Saudi Arabia, UAE,,,,Syria,,1,West Raqaa,,Fighter and remotely piloted aircraft,,,Artillery piece,1,Unsuccessful,,,,,,,,,,,,,,,,,,,,,,,,,,,,,
2014-10-04T00:00:00Z,USA,,,,,,Iraq,2,,Fallujah,,"Attack, bomber and fighter",,,Vehicle,1,Destroyed,Unit,1,Unknown,,,,,,,,,,,,,,,,,,,,,,,,,,
2014-10-04T00:00:00Z,USA,,,,,,Iraq,1,,Rabiyah,,"Attack, bomber and fighter",,,Unit,1,Unknown,,,,,,,,,,,,,,,,,,,,,,,,,,,,,
2014-10-04T00:00:00Z,USA,,,,,,Iraq,1,,North Hit,,"Attack, bomber and fighter",,,Humvee,2,Destroyed,,,,,,,,,,,,,,,,,,,,,,,,,,,,,
2014-10-04T00:00:00Z,USA,,,,,,Iraq,1,,Ramadi,,"Attack, bomber and fighter",,,APC,1,Destroyed,,,,,,,,,,,,,,,,,,,,,,,,,,,,,
2014-10-04T00:00:00Z,USA, Jordan, Saudi Arabia, UAE,,,Syria,,4,Ayn al Arab,,Fighter and remotely piloted aircraft,,,APC,1,Destroyed,Vehicle,2,Destroyed,Unit,2,Unknown,Building,1,Destroyed,Artillery position,3,Destroyed,,,,,,,,,,,,,,,,,
2014-10-04T00:00:00Z,USA,,,,,,Syria,,2,Dayr az Zawr,,Fighter and remotely piloted aircraft,,,Tank,1,Destroyed,Vehicle,1,Destroyed,,,,,,,,,,,,,,,,,,,,,,,,,,
2014-10-04T00:00:00Z,USA,,,,,,Syria,,2,Raqaa,,Fighter and remotely piloted aircraft,,,Airfield,1,Damaged,Artillery piece,1,Destroyed,,,,,,,,,,,,,,,,,,,,,,,,,,
2014-10-04T00:00:00Z,USA,,,,,,Syria,,1,Al Hasakah,,Fighter and remotely piloted aircraft,,,Depot and logistics complex,1,Destroyed,,,,,,,,,,,,,,,,,,,,,,,,,,,,,
2014-10-05T00:00:00Z,USA,,,,,,Iraq,4,,Fallujah,,"Attack, bomber, fighter and helicopter",,,Mortar position,2,Unknown,Unit,3,Unknown,,,,,,,,,,,,,,,,,,,,,,,,,,
2014-10-05T00:00:00Z,USA,,,,,,Iraq,1,,SE of Hit,,"Attack, bomber, fighter and helicopter",,,Humvee,2,Destroyed,,,,,,,,,,,,,,,,,,,,,,,,,,,,,
2014-10-05T00:00:00Z,USA,,,,,,Iraq,1,,Sinjar,,"Attack, bomber, fighter and helicopter",,,Humvee,1,Destroyed,,,,,,,,,,,,,,,,,,,,,,,,,,,,,
2014-10-05T00:00:00Z,USA,,,,,,Syria,,1,Al Mayadin,,Fighter,,,Bulldozer,1,Destroyed,Tank,2,Destroyed,Vehicle,1,Destroyed,,,,,,,,,,,,,,,,,,,,,,,
2014-10-05T00:00:00Z,USA,,,,,,Syria,,2,Raqaa,,Fighter,,,Unit,1,Unknown,Firing position,6,Destroyed,,,,,,,,,,,,,,,,,,,,,,,,,,
2014-10-06T00:00:00Z,USA, UK,,,,,Iraq,1,,Ramadi,,Remotely piloted aircraft and rotary wing aircraft,2,Paveway IV guided bomb,Building,1,Damaged,,,,,,,,,,,,,,,,,,,,,,,,,,,,,
2014-10-06T00:00:00Z,USA, Belgium,,,,,Iraq,1,,Unknown,,Remotely piloted aircraft and rotary wing aircraft,,,,,,,,,,,,,,,,,,,,,,,,,,,,,,,,,,
2014-10-06T00:00:00Z,USA,,,,,,Iraq,2,,Fallujah,,Remotely piloted aircraft and rotary wing aircraft,,,Unit,2,Unknown,Mortar position,2,Destroyed,Bunker,1,Destroyed,,,,,,,,,,,,,,,,,,,,,,,
2014-10-06T00:00:00Z,USA,,,,,,Syria,,1,Raqaa,,Fighter and remotely piloted aircraft,,,Tank,1,Destroyed,,,,,,,,,,,,,,,,,,,,,,,,,,,,,
2014-10-06T00:00:00Z,USA,,,,,,Syria,,1,Kobane,,Fighter and remotely piloted aircraft,,,Fighting position,2,Destroyed,,,,,,,,,,,,,,,,,,,,,,,,,,,,,
2014-10-06T00:00:00Z,USA,,,,,,Syria,,1,Dayr az Zawr,,Fighter and remotely piloted aircraft,,,Tank,1,Destroyed,,,,,,,,,,,,,,,,,,,,,,,,,,,,,
2014-10-07T00:00:00Z,USA, Belgium,,,,,Iraq,3,,Sinjar,,Attack and remotely piloted aircraft,,,Armed vehicle,1,Destroyed,Armed vehicle,2,Destroyed,Armed vehicle,1,Destroyed,Unit,1,Unknown,,,,,,,,,,,,,,,,,,,,
2014-10-07T00:00:00Z,USA, Saudi Arabia, UAE,,,,Syria,,2,Al Hasakah,,"Attack, bomber, fighter, and remotely piloted aircraft",,,Building,Multiple,Unknown,,,,,,,,,,,,,,,,,,,,,,,,,,,,,
2014-10-07T00:00:00Z,USA, Saudi Arabia, UAE,,,,Syria,,1,Dayr az Zawr,,"Attack, bomber, fighter, and remotely piloted aircraft",,,IED production facility,1,Unknown,Staging area,1,Unknown,,,,,,,,,,,,,,,,,,,,,,,,,,
2014-10-07T00:00:00Z,USA, Saudi Arabia, UAE,,,,Syria,,5,Kobane,,"Attack, bomber, fighter, and remotely piloted aircraft",,,Armed vehicle,3,Destroyed,Armed vehicle,1,Damaged,Armed vehicle with antiaircraft artillery,1,Destroyed,Tank,1,Damaged,Unit,1,Destroyed,,,,,,,,,,,,,,,,,
2014-10-07T00:00:00Z,USA, Saudi Arabia, UAE,,,,Syria,,1,Rabiyah,,"Attack, bomber, fighter, and remotely piloted aircraft",,,Fighters,Multiple,Unknown,,,,,,,,,,,,,,,,,,,,,,,,,,,,,
2014-10-08T00:00:00Z,USA, Jordan,,,,,Syria,,8,Kobane,,Fighter and bomber,,,Armed vehicle,5,Destroyed,Supply depot,1,Destroyed,Command and control compound,1,Destroyed,Logistics compound,1,Destroyed,Barracks,8,Destroyed,Barracks,1,Damaged,,,,,,,,,,,,,,
2014-10-08T00:00:00Z,USA, Jordan,,,,,Syria,,1,Raqaa,,Fighter and bomber,,,Armed vehicle,4,Destroyed,Armed vehicle,2,Damaged,,,,,,,,,,,,,,,,,,,,,,,,,,
2014-10-08T00:00:00Z,USA,,,,,,Iraq,1,,Ramadi,,Attack and fighter,,,Checkpoint,1,Destroyed,,,,,,,,,,,,,,,,,,,,,,,,,,,,,
2014-10-08T00:00:00Z,USA,,,,,,Iraq,1,,Mosul,,Attack and fighter,,,Vehicle,4,Destroyed,Vehicle,2,Damaged,,,,,,,,,,,,,,,,,,,,,,,,,,
2014-10-08T00:00:00Z,USA,,,,,,Iraq,1,,Kirkuk,,Attack and fighter,,,Fighting position,2,Destroyed,,,,,,,,,,,,,,,,,,,,,,,,,,,,,
2014-10-08T00:00:00Z,Australia,,,,,,Iraq,1,,Unknown,,Attack,1,Bomb,Facility,1,Unknown,,,,,,,,,,,,,,,,,,,,,,,,,,,,,
2014-10-08T00:00:00Z,UK,,,,,,Iraq,1,,Unknown,,Attack,,,,,,,,,,,,,,,,,,,,,,,,,,,,,,,,,,
2014-10-09T00:00:00Z,USA,,,,,,Syria,,5,Kobane,,"Bomber, fighter, and remotely piloted aircraft",,,Training camp,1,Damaged,Support building,1,Destroyed,Vehicle,2,Destroyed,Unit,2,Unknown,,,,,,,,,,,,,,,,,,,,
2014-10-09T00:00:00Z,USA,,,,,,Syria,,9,Kobane,,Bomber,,,Building,4,Destroyed,Tank,1,Destroyed,Heavy machine-gun,1,Destroyed,Fighting position,1,Damaged,Unit,4,Unknown,,,,,,,,,,,,,,,,,
2014-10-09T00:00:00Z,USA,,,,,,Iraq,2,,Sinjar,,Attack,,,Bunker,1,Destroyed,Ammunition cache,1,Destroyed,Unit,1,Destroyed,Armed vehicle,1,Destroyed,Unit,1,Destroyed,,,,,,,,,,,,,,,,,
2014-10-10T00:00:00Z,USA,,,,,,Iraq,1,,NW Baghdad,,Attack,,,Unit,1,Unknown,Building,1,Destroyed,,,,,,,,,,,,,,,,,,,,,,,,,,
2014-10-10T00:00:00Z,USA, Saudi Arabia, UAE,,,,Syria,,7,Kobane,,"Attack, bomber, fighter, and remotely piloted aircraft",,,Training facility,2,Destroyed,Vehicle,2,Destroyed,Unit,2,Unknown,Tank,1,Damaged,Vehicle,1,Destroyed,,,,,,,,,,,,,,,,,
2014-10-10T00:00:00Z,USA, Saudi Arabia, UAE,,,,Syria,,1,Dayr az Zawr,,"Attack, bomber, fighter, and remotely piloted aircraft",,,Armored vehicle staging facility,1,Destroyed,,,,,,,,,,,,,,,,,,,,,,,,,,,,,
2014-10-10T00:00:00Z,USA, Saudi Arabia, UAE,,,,Syria,,1,Al Hasakah,,"Attack, bomber, fighter, and remotely piloted aircraft",,,Unit,1,Unknown,,,,,,,,,,,,,,,,,,,,,,,,,,,,,
2014-10-11T00:00:00Z,USA, Netherlands,,,,,Iraq,1,,Tal Afar,,Attack and fighter,,,Unit,1,Unknown,Armed vehicle,1,Destroyed,,,,,,,,,,,,,,,,,,,,,,,,,,
2014-10-11T00:00:00Z,USA, Netherlands,,,,,Iraq,2,,NW of Hit,,Attack and fighter,,,Unit,2,Unknown,,,,,,,,,,,,,,,,,,,,,,,,,,,,,
2014-10-11T00:00:00Z,USA, Netherlands,,,,,Syria,,6,Kobane,,Fighter and bomber,,,Fighting position,1,Unknown,Command and control facility,1,Damaged,Staging building,1,Destroyed,Unit,2,Unknown,Truck,3,Destroyed,,,,,,,,,,,,,,,,,
2014-10-12T00:00:00Z,USA, UK,,,,,Iraq,1,,Hit,,Attack and remotely piloted aircraft,,,APC,1,Destroyed,,,,,,,,,,,,,,,,,,,,,,,,,,,,,
2014-10-12T00:00:00Z,USA, UK,,,,,Iraq,2,,Kirkuk,,Attack and remotely piloted aircraft,,,Unit,1,Unknown,Unit,1,Unknown,,,,,,,,,,,,,,,,,,,,,,,,,,
2014-10-12T00:00:00Z,USA, UK,,,,,Iraq,1,,Ramadi,,Attack and remotely piloted aircraft,,Brimstone missiles,APC,1,Destroyed,,,,,,,,,,,,,,,,,,,,,,,,,,,,,
2014-10-12T00:00:00Z,USA, Saudi Arabia, UAE,,,,Syria,,3,Kobane,,Fighter and bomber,,,Fighting position,1,Destroyed,Staging area,1,Destroyed,,,,,,,,,,,,,,,,,,,,,,,,,,
2014-10-12T00:00:00Z,USA, Saudi Arabia, UAE,,,,Syria,,1,Raqaa,,Fighter and bomber,,,Armored vehicle compound,1,Destroyed,,,,,,,,,,,,,,,,,,,,,,,,,,,,,
2014-10-13T00:00:00Z,USA, Saudi Arabia,,,,,Syria,,7,Kobane,,Fighter and bomber,,,Unit,3,Unknown,Staging area,1,Damaged,Heavy machine-gun position,1,Destroyed,Building,2,Damaged,Staging area,1,Destroyed,Building,3,Destroyed,,,,,,,,,,,,,,
2014-10-13T00:00:00Z,USA, Saudi Arabia,,,,,Syria,,1,Raqaa,,Fighter and bomber,,,Garrison,1,Unknown,,,,,,,,,,,,,,,,,,,,,,,,,,,,,
2014-10-14T00:00:00Z,USA, Saudi Arabia,,,,,Iraq,1,,Kirkuk,,Fighter and bomber,,,Armed vehicle,1,Destroyed,Vehicle,1,Destroyed,,,,,,,,,,,,,,,,,,,,,,,,,,
2014-10-14T00:00:00Z,USA, Saudi Arabia,,,,,Syria,,21,Kobane,,Fighter and bomber,,,Staging area,9,Destroyed,Building,1,Destroyed,Building,2,Damaged,Compound,3,Damaged,Truck,1,Destroyed,Armed vehicle,1,Destroyed,Vehicle,1,Damaged,Mortar position,2,Destroyed,Building,3,Destroyed,Artillery storage,1,Destroyed,,
2014-10-14T00:00:00Z,USA, Saudi Arabia,,,,,Syria,,1,Dayr az Zawr,,Fighter and bomber,,,Modular oil refineries,1,Destroyed,,,,,,,,,,,,,,,,,,,,,,,,,,,,,
2014-10-15T00:00:00Z,USA,,,,,,Iraq,4,,Bayji,,Attack and fighter,,,Building,1,Destroyed,Humvee,1,Destroyed,Machine gun,1,Destroyed,Artillery piece,1,Damaged,,,,,,,,,,,,,,,,,,,,
2014-10-15T00:00:00Z,USA,,,,,,Iraq,1,,Haditha Dam,,Attack and fighter,,,Armed vehicle,1,Destroyed,Guard shack,1,Destroyed,,,,,,,,,,,,,,,,,,,,,,,,,,
2014-10-15T00:00:00Z,USA,,,,,,Syria,,18,Kobane,,Fighter and bomber,,,Fighting position,Multiple,Destroyed,Building,16,Destroyed,,,,,,,,,,,,,,,,,,,,,,,,,,
2014-10-16T00:00:00Z,USA,,,,,,Syria,,14,Kobane,,Fighter and bomber,,,Building,19,Unknown,Command post,2,Unknown,Fighting position,3,Unknown,Sniper position,3,Unknown,Staging area,1,Unknown,Heavy machine gun,1,Unknown,,,,,,,,,,,,,,
2014-10-17T00:00:00Z,Danemark,,,,,,Iraq,1,,Bayji,,Fighter,,,Artillery piece,1,Destroyed,Ammunition cache,1,Destroyed,,,,,,,,,,,,,,,,,,,,,,,,,,
2014-10-17T00:00:00Z,Unknown,,,,,,Iraq,1,,Bayji,,Fighter,,,Unit,1,Unknown,Vehicle,1,Damaged,,,,,,,,,,,,,,,,,,,,,,,,,,
2014-10-17T00:00:00Z,USA,,,,,,Syria,,6,Kobane,,Fighter,,,Building,3,Unknown,Fighting position,5,Destroyed,Vehicle,2,Destroyed,,,,,,,,,,,,,,,,,,,,,,,
2014-10-17T00:00:00Z,USA,,,,,,Syria,,1,Shadadi,,Fighter,,,POL tank,1,Unknown,,,,,,,,,,,,,,,,,,,,,,,,,,,,,
2014-10-18T00:00:00Z,USA,,,,,,Iraq,5,,Bayji,,Fighter and bomber,,,Unit,2,Unknown,Armed vehicle,1,Destroyed,Heavy weapon,1,Destroyed,Machine gun position,1,Destroyed,Building,1,Destroyed,Guard shack,3,Destroyed,Guard shack,1,Damaged,,,,,,,,,,,
2014-10-18T00:00:00Z,USA,,,,,,Iraq,5,,Mosul Dam,,Fighter and bomber,,,Building,1,Damaged,Heavy machine gun,1,Destroyed,Humvee,1,Destroyed,Unit,3,Unknown,,,,,,,,,,,,,,,,,,,,
2014-10-18T00:00:00Z,USA,,,,,,Syria,,2,Kobane,,Fighter and bomber,,,Fighting position,2,Destroyed,,,,,,,,,,,,,,,,,,,,,,,,,,,,,
2014-10-18T00:00:00Z,USA,,,,,,Syria,,1,Ain Aissa,,Fighter and bomber,,,Military camp,1,Damaged,,,,,,,,,,,,,,,,,,,,,,,,,,,,,
2014-10-18T00:00:00Z,USA,,,,,,Syria,,1,Dayr az Zawr,,Fighter and bomber,,,Modular oil refineries,1,Damaged,,,,,,,,,,,,,,,,,,,,,,,,,,,,,
2014-10-18T00:00:00Z,USA,,,,,,Syria,,7,Dhiban,,Fighter and bomber,,,Modular oil refineries,1,Unknown,,,,,,,,,,,,,,,,,,,,,,,,,,,,,
2014-10-18T00:00:00Z,USA,,,,,,Syria,,3,Khusham,,Fighter and bomber,,,Crude oil collection point,1,Unknown,,,,,,,,,,,,,,,,,,,,,,,,,,,,,
2014-10-18T00:00:00Z,USA,,,,,,Syria,,1,Sharra,,Fighter and bomber,,,Modular oil refineries,1,Unknown,,,,,,,,,,,,,,,,,,,,,,,,,,,,,
2014-10-19T00:00:00Z,USA,,,,,,Iraq,3,,Bayji,,"Attack, fighter, and remotely piloted aircraft",,,Unit,1,Unknown,Armored truck,1,Unknown,Checkpoint,2,Destroyed,,,,,,,,,,,,,,,,,,,,,,,
2014-10-19T00:00:00Z,USA,,,,,,Iraq,5,,Fallujah,,"Attack, fighter, and remotely piloted aircraft",,,Unit,1,Unknown,Command post,2,Destroyed,Vehicle,2,Destroyed,,,,,,,,,,,,,,,,,,,,,,,
2014-10-19T00:00:00Z,USA,,,,,,Iraq,1,,Fallujah Dam,,Bomber,,,Earthern berm,1,Destroyed,,,,,,,,,,,,,,,,,,,,,,,,,,,,,
2014-10-19T00:00:00Z,USA,,,,,,Iraq,1,,Mosul Dam,,"Attack, fighter, and remotely piloted aircraft",,,Ammunition truck,1,Destroyed,,,,,,,,,,,,,,,,,,,,,,,,,,,,,
2014-10-19T00:00:00Z,USA, Saudi Arabia,,,,,Syria,,11,Kobane,,Bomber,,,Fighting position,20,Destroyed,Vehicle,5,Destroyed,Building,2,Destroyed,,,,,,,,,,,,,,,,,,,,,,,
2014-10-19T00:00:00Z,USA, Saudi Arabia,,,,,Syria,,2,Dayr az Zawr,,Bomber,,,Modular oil refineries,1,Damaged,,,,,,,,,,,,,,,,,,,,,,,,,,,,,
2014-10-19T00:00:00Z,France,,,,,,Iraq,1,,Tikrit,,Attack,,GBU 12,Truck,2,Destroyed,,,,,,,,,,,,,,,,,,,,,,,,,,,,,
2014-10-20T00:00:00Z,USA, UK, France,,,,Iraq,2,,SE Fallujah,,"Bomber, fighter, and remotely piloted aircraft",,Brimstone missiles,Unit,1,Unknown,Vehicle,3,Destroyed,,,,,,,,,,,,,,,,,,,,,,,,,,
2014-10-20T00:00:00Z,USA, UK, France,,,,Iraq,3,,Bayji oil refineri,,"Bomber, fighter, and remotely piloted aircraft",,,Unit,1,Unknown,Building,1,Destroyed,Vehicle,3,Destroyed,Building,1,Damaged,,,,,,,,,,,,,,,,,,,,
2014-10-20T00:00:00Z,USA, UK, France,,,,Iraq,1,,Bayji,,"Bomber, fighter, and remotely piloted aircraft",,,Boat,4,Destroyed,Boat,4,Damaged,,,,,,,,,,,,,,,,,,,,,,,,,,
2014-10-20T00:00:00Z,USA,,,,,,Syria,,6,Kobane,,"Attack, bomber and fighter",,,Fighting position,1,Destroyed,Mortar position,1,Destroyed,Vehicle,1,Destroyed,US stray resupply bundle,1,Destroyed,,,,,,,,,,,,,,,,,,,,
2014-10-21T00:00:00Z,USA,,,,,,Syria,,4,Kobane,,Fighter and bomber,,,Fighting position,Multiple,Destroyed,Building,1,Destroyed,Unit,1,Destroyed,,,,,,,,,,,,,,,,,,,,,,,
2014-10-21T00:00:00Z,USA, partner nation forces,,,,,Iraq,1,,Mosul Dam,,Attack and fighter,,,Fighting position,1,Destroyed,,,,,,,,,,,,,,,,,,,,,,,,,,,,,
2014-10-21T00:00:00Z,USA, partner nation forces,,,,,Iraq,1,,Bayji,,Attack and fighter,,,Fighting position,1,Destroyed,,,,,,,,,,,,,,,,,,,,,,,,,,,,,
2014-10-21T00:00:00Z,USA, partner nation forces,,,,,Iraq,1,,Fallujah,,Attack and fighter,,,Attack,1,Suppressed,,,,,,,,,,,,,,,,,,,,,,,,,,,,,
2014-10-22T00:00:00Z,USA, partner nation forces,,,,,Iraq,12,,Mosul Dam,,"Attack, bomber, fighter, and remotely piloted aircraft",,,Unit,1,Destroyed,Mortar position,1,Destroyed,Vehicle,2,Destroyed,Fighting position,Multiple,Destroyed,,,,,,,,,,,,,,,,,,,,
2014-10-22T00:00:00Z,France,,,,,,Iraq,1,,Mosul Dam,,Attack,,GBU 12,Humvee,1,Destroyed,,,,,,,,,,,,,,,,,,,,,,,,,,,,,
2014-10-22T00:00:00Z,USA,,,,,,Syria,,6,Kobane,,Fighter and bomber,,,Fighting position,Multiple,Destroyed,Vehicle,2,Destroyed,Building,1,Destroyed,Logistical centre,1,Destroyed,,,,,,,,,,,,,,,,,,,,
2014-10-22T00:00:00Z,France,,,,,,Iraq,1,,Fallujah,,Attack,,30mm shells,Attack,1,Suppressed,,,,,,,,,,,,,,,,,,,,,,,,,,,,,
2014-10-23T00:00:00Z,USA, partner nation forces,,,,,Iraq,4,,Mosul Dam,,"Fighter, attack, and remotely piloted aircraft",,,Unit,4,Unknown,Vehicle,1,Destroyed,,,,,,,,,,,,,,,,,,,,,,,,,,
2014-10-23T00:00:00Z,USA,,,,,,Iraq,1,,South of Bayji,,"Fighter, attack, and remotely piloted aircraft",,,Fighting position,1,Destroyed,,,,,,,,,,,,,,,,,,,,,,,,,,,,,
2014-10-23T00:00:00Z,USA,,,,,,Iraq,4,,Fallujah,,"Fighter, attack, and remotely piloted aircraft",,,Building,1,Destroyed,Training facility,1,Destroyed,,,,,,,,,,,,,,,,,,,,,,,,,,
2014-10-23T00:00:00Z,USA,,,,,,Syria,,4,Kobane,,Fighter and bomber,,,Fighting position,Multiple,Destroyed,Vehicle,1,Destroyed,Command and control compound,1,Destroyed,,,,,,,,,,,,,,,,,,,,,,,
2014-10-23T00:00:00Z,USA,,,,,,Syria,,2,Dayr az Zawr,,Fighter and bomber,,,Oil holding tank,Multiple,Destroyed,,,,,,,,,,,,,,,,,,,,,,,,,,,,,
2014-10-23T00:00:00Z,France,,,,,,Iraq,1,,Sinjar,,Attack,,GBU 12,Vehicle,1,Destroyed,,,,,,,,,,,,,,,,,,,,,,,,,,,,,
2014-10-23T00:00:00Z,France,,,,,,Iraq,1,,Mosul,,Attack,,AASM bombs,IED production facility,1,Destroyed,,,,,,,,,,,,,,,,,,,,,,,,,,,,,
2014-10-24T00:00:00Z,France,,,,,,Iraq,1,,Sinjar,,Attack,,GBU 12,Vehicle,1,Damaged,,,,,,,,,,,,,,,,,,,,,,,,,,,,,
2014-10-24T00:00:00Z,UK,,,,,,Iraq,1,,Kirkuk,,Attack,2,Paveway IV guided bomb,Logistics hub,1,Unknown,,,,,,,,,,,,,,,,,,,,,,,,,,,,,
2014-10-24T00:00:00Z,USA, partner nation forces,,,,,Iraq,3,,Mosul Dam,,"Bomber, fighter, and remotely piloted aircraft",,,Vehicle,2,Destroyed,Mortar position,1,Destroyed,,,,,,,,,,,,,,,,,,,,,,,,,,
2014-10-24T00:00:00Z,USA, partner nation forces,,,,,Iraq,5,,Bayji,,"Bomber, fighter, and remotely piloted aircraft",,,Unit,2,Unknown,Vehicle,1,Destroyed,Training camp,1,Unknown,,,,,,,,,,,,,,,,,,,,,,,
2014-10-24T00:00:00Z,USA, partner nation forces,,,,,Iraq,3,,Fallujah,,"Bomber, fighter, and remotely piloted aircraft",,,Unit,2,Unknown,Vehicle,3,Destroyed,,,,,,,,,,,,,,,,,,,,,,,,,,
2014-10-24T00:00:00Z,USA, partner nation forces,,,,,Iraq,1,,Zumar,,"Bomber, fighter, and remotely piloted aircraft",,,Building,5,Destroyed,,,,,,,,,,,,,,,,,,,,,,,,,,,,,
2014-10-24T00:00:00Z,USA,,,,,,Syria,,6,Kobane,,Bomber,,,Unit,3,Unknown,Vehicle,1,Destroyed,,,,,,,,,,,,,,,,,,,,,,,,,,
2014-10-25T00:00:00Z,USA, partner nation forces,,,,,Iraq,3,,Bayji,,"Bomber, fighter, and remotely piloted aircraft",,,Unit,2,Unknown,Building,1,Destroyed,Building,1,Damaged,Fighting position,2,Destroyed,,,,,,,,,,,,,,,,,,,,
2014-10-25T00:00:00Z,USA, partner nation forces inc. France,,,,,Iraq,11,,Mosul Dam,,"Bomber, fighter, and remotely piloted aircraft",,,Unit,6,Unknown,Building,1,Destroyed,Fighting position,6,Destroyed,Staging location,4,Destroyed,,,,,,,,,,,,,,,,,,,,
2014-10-25T00:00:00Z,USA, partner nation forces,,,,,Iraq,4,,Fallujah,,"Bomber, fighter, and remotely piloted aircraft",,,Vehicle,1,Destroyed,Unit,2,Unknown,Fighting position,1,Destroyed,,,,,,,,,,,,,,,,,,,,,,,
2014-10-25T00:00:00Z,USA, partner nation forces,,,,,Iraq,2,,Qurayt al Hajjaj,,"Bomber, fighter, and remotely piloted aircraft",,,Unit,1,Unknown,Building,1,Destroyed,,,,,,,,,,,,,,,,,,,,,,,,,,
2014-10-25T00:00:00Z,USA, partner nation forces,,,,,Iraq,1,,Hayt al Arabi,,"Bomber, fighter, and remotely piloted aircraft",,,Building,1,Destroyed,,,,,,,,,,,,,,,,,,,,,,,,,,,,,
2014-10-25T00:00:00Z,USA, partner nation forces,,,,,Iraq,1,,Aynzalah,,"Bomber, fighter, and remotely piloted aircraft",,,Building,1,Destroyed,,,,,,,,,,,,,,,,,,,,,,,,,,,,,
2014-10-25T00:00:00Z,USA,,,,,,Syria,,1,Kobane,,Bomber,,,Artillery piece,1,Destroyed,,,,,,,,,,,,,,,,,,,,,,,,,,,,,
2014-10-26T00:00:00Z,USA, partner nation forces,,,,,Iraq,9,,Mosul Dam,,"Fighter, attack, and remotely piloted aircraft",,,Unit,2,Unknown,Building,1,Damaged,Vehicle,4,Destroyed,Artillery piece,1,Destroyed,,,,,,,,,,,,,,,,,,,,
2014-10-26T00:00:00Z,USA, partner nation forces,,,,,Iraq,3,,Fallujah,,"Fighter, attack, and remotely piloted aircraft",,,Unit,3,Unknown,Building,1,Destroyed,,,,,,,,,,,,,,,,,,,,,,,,,,
2014-10-26T00:00:00Z,USA,,,,,,Syria,,5,Kobane,,Fighter and bomber,,,Vehicle,7,Destroyed,Building,1,Destroyed,,,,,,,,,,,,,,,,,,,,,,,,,,
2014-10-27T00:00:00Z,USA, partner nation forces,,,,,Iraq,3,,Mosul Dam,,"Fighter, attack, and remotely piloted aircraft",,,Unit,1,Unknown,,,,,,,,,,,,,,,,,,,,,,,,,,,,,
2014-10-27T00:00:00Z,USA, partner nation forces,,,,,Iraq,2,,Bayji,,"Fighter, attack, and remotely piloted aircraft",,,Fighters,Multiple,Unknown,Unit,1,Unknown,IED emplacement,1,Destroyed,,,,,,,,,,,,,,,,,,,,,,,
2014-10-27T00:00:00Z,USA, partner nation forces,,,,,Iraq,1,,Fallujah,,"Fighter, attack, and remotely piloted aircraft",,,Unit,1,Unknown,Building,1,Destroyed,Vehicle,1,Damaged,,,,,,,,,,,,,,,,,,,,,,,
2014-10-27T00:00:00Z,USA, partner nation forces,,,,,Iraq,1,,Zumar,,"Fighter, attack, and remotely piloted aircraft",,,Unit,1,Unknown,Building,2,Destroyed,,,,,,,,,,,,,,,,,,,,,,,,,,
2014-10-27T00:00:00Z,USA,,,,,,Syria,,4,Kobane,,Fighter and bomber,,,Vehicle,5,Destroyed,Building,1,Destroyed,,,,,,,,,,,,,,,,,,,,,,,,,,
2014-10-28T00:00:00Z,USA, partner nation forces,,,,,Iraq,2,,Fallujah,,"Fighter, attack, and remotely piloted aircraft",,,Unit,1,Destroyed,Tank,1,Destroyed,,,,,,,,,,,,,,,,,,,,,,,,,,
2014-10-28T00:00:00Z,USA,,,,,,Iraq,4,,Mosul Dam,,"Fighter, attack, and remotely piloted aircraft",,,Unit,1,Destroyed,Fighting position,1,Destroyed,Vehicle,1,Destroyed,Logistical centre,1,Destroyed,,,,,,,,,,,,,,,,,,,,
2014-10-28T00:00:00Z,USA,,,,,,Iraq,1,,West of Baghdad,,"Fighter, attack, and remotely piloted aircraft",,,Building,1,Destroyed,Unit,1,Destroyed,,,,,,,,,,,,,,,,,,,,,,,,,,
2014-10-28T00:00:00Z,USA,,,,,,Iraq,1,,Sinjar,,"Fighter, attack, and remotely piloted aircraft",,,Fighting position,1,Unknown,Vehicle,6,Destroyed,,,,,,,,,,,,,,,,,,,,,,,,,,
2014-10-28T00:00:00Z,USA,,,,,,Iraq,1,,NW Haditha,,"Fighter, attack, and remotely piloted aircraft",,,Staging area,1,Destroyed,,,,,,,,,,,,,,,,,,,,,,,,,,,,,
2014-10-28T00:00:00Z,USA,,,,,,Syria,,4,Kobane,,Attack and fighter,,,Fighting position,4,Destroyed,Unit,1,Destroyed,,,,,,,,,,,,,,,,,,,,,,,,,,
2014-10-29T00:00:00Z,USA,,,,,,Iraq,3,,Fallujah,,"Fighter, attack, and remotely piloted aircraft",,,Unit,3,Destroyed,,,,,,,,,,,,,,,,,,,,,,,,,,,,,
2014-10-29T00:00:00Z,USA,,,,,,Iraq,3,,Sinjar,,"Fighter, attack, and remotely piloted aircraft",,,Unit,1,Destroyed,Vehicle,2,Destroyed,,,,,,,,,,,,,,,,,,,,,,,,,,
2014-10-29T00:00:00Z,USA,,,,,,Syria,,8,Kobane,,Fighter and bomber,,,Fighting position,5,Destroyed,Unit,1,Destroyed,Vehicle,6,Destroyed,Building,1,Destroyed,Command and control node,1,Destroyed,,,,,,,,,,,,,,,,,
2014-10-30T00:00:00Z,USA, partner nation forces,,,,,Iraq,1,,Bayji,,"Fighter, attack, and remotely piloted aircraft",,,Unit,1,Unknown,Vehicle,1,Destroyed,,,,,,,,,,,,,,,,,,,,,,,,,,
2014-10-30T00:00:00Z,USA, partner nation forces,,,,,Iraq,1,,Ramadi,,"Fighter, attack, and remotely piloted aircraft",,,Checkpoint,1,Unknown,,,,,,,,,,,,,,,,,,,,,,,,,,,,,
2014-10-30T00:00:00Z,USA,,,,,,Syria,,10,Kobane,,Fighter and bomber,,,Unit,2,Unknown,Fighting position,7,Destroyed,Building,5,Destroyed,,,,,,,,,,,,,,,,,,,,,,,
2014-10-30T00:00:00Z,USA,,,,,,Syria,,1,Dayr az Zawr,,Fighter and bomber,,,Headquarter,1,Damaged,,,,,,,,,,,,,,,,,,,,,,,,,,,,,
2014-10-30T00:00:00Z,USA,,,,,,Syria,,1,Ar Raqqah,,Fighter and bomber,,,Security building,1,Damaged,,,,,,,,,,,,,,,,,,,,,,,,,,,,,
2014-10-31T00:00:00Z,USA, partner nation forces,,,,,Iraq,1,,Fallujah,,Fighter and remotely piloted aircraft,,,Unit,1,Unknown,,,,,,,,,,,,,,,,,,,,,,,,,,,,,
2014-10-31T00:00:00Z,USA, partner nation forces,,,,,Iraq,1,,Bayji,,Fighter and remotely piloted aircraft,,,Unit,1,Unknown,,,,,,,,,,,,,,,,,,,,,,,,,,,,,
2014-10-31T00:00:00Z,USA, partner nation forces,,,,,Iraq,1,,Al Qaim,,Fighter and remotely piloted aircraft,,,Checkpoint,1,Destroyed,Vehicle,1,Destroyed,,,,,,,,,,,,,,,,,,,,,,,,,,
2014-10-31T00:00:00Z,France,,,,,,Iraq,1,,Tikrit,,Fighter,,AASM bombs,Unit,1,Unknown,Building,3,Destroyed,,,,,,,,,,,,,,,,,,,,,,,,,,
2014-10-31T00:00:00Z,USA,,,,,,Syria,,4,Kobane,,Fighter and bomber,,,Fighting position,4,Damaged,Building,1,Damaged,,,,,,,,,,,,,,,,,,,,,,,,,,
2014-11-01T00:00:00Z,USA, partner nation forces,,,,,Iraq,1,,Mosul Dam,,"Attack, bomber and fighter",,,Vehicle,1,Destroyed,,,,,,,,,,,,,,,,,,,,,,,,,,,,,
2014-11-01T00:00:00Z,USA, partner nation forces,,,,,Iraq,2,,Al Qaim,,"Attack, bomber and fighter",,,Vehicle,3,Destroyed,Building,4,Unknown,,,,,,,,,,,,,,,,,,,,,,,,,,
2014-11-01T00:00:00Z,UK,,,,,,Iraq,1,,Al Qaim,,Attack,2,Brimstone missiles,Vehicle,1,Destroyed,,,,,,,,,,,,,,,,,,,,,,,,,,,,,
2014-11-01T00:00:00Z,USA,,,,,,Syria,,5,Kobane,,Fighter and bomber,,,Fighting position,9,Damaged or destroyed,Building,1,Unknown,,,,,,,,,,,,,,,,,,,,,,,,,,
2014-11-02T00:00:00Z,USA, partner nation forces,,,,,Iraq,1,,Bayji,,Fighter and remotely piloted aircraft,,,Unit,1,Unknown,,,,,,,,,,,,,,,,,,,,,,,,,,,,,
2014-11-02T00:00:00Z,USA, partner nation forces,,,,,Iraq,1,,Fallujah,,Fighter and remotely piloted aircraft,,,Unit,1,Unknown,,,,,,,,,,,,,,,,,,,,,,,,,,,,,
2014-11-02T00:00:00Z,USA,,,,,,Syria,,5,Kobane,,"Attack, bomber and fighter",,,Unit,5,Unknown,Vehicle,3,Destroyed,,,,,,,,,,,,,,,,,,,,,,,,,,
2014-11-02T00:00:00Z,USA,,,,,,Syria,,2,Dayr az Zawr,,"Attack, bomber and fighter",,,Tank,1,Destroyed,Vehicle shelter,2,Destroyed,,,,,,,,,,,,,,,,,,,,,,,,,,
2014-11-03T00:00:00Z,USA, partner nation forces,,,,,Iraq,1,,Bayji,,"Bomber, fighter, and remotely piloted aircraft",,,Fighting position,1,Unknown,Unit,1,Unknown,,,,,,,,,,,,,,,,,,,,,,,,,,
2014-11-03T00:00:00Z,UK,,,,,,Iraq,1,,Bayji,,Fighter,2,Brimstone missiles,Armed vehicle,1,Destroyed,,,,,,,,,,,,,,,,,,,,,,,,,,,,,
2014-11-03T00:00:00Z,USA, partner nation forces,,,,,Iraq,3,,Fallujah,,"Bomber, fighter, and remotely piloted aircraft",,,Unit,1,Unknown,Bulldozer,5,Destroyed,Dump truck,1,Destroyed,,,,,,,,,,,,,,,,,,,,,,,
2014-11-03T00:00:00Z,Canada,,,,,,Iraq,1,,Fallujah,,Fighter,2,Laser guided bomb,Heavy engineering equipment,Multiple,Damaged,,,,,,,,,,,,,,,,,,,,,,,,,,,,,
2014-11-03T00:00:00Z,USA, partner nation forces,,,,,Iraq,3,,Ar Rutbah,,"Bomber, fighter, and remotely piloted aircraft",,,Vehicle,1,Damaged,Vehicle,4,Destroyed,,,,,,,,,,,,,,,,,,,,,,,,,,
2014-11-03T00:00:00Z,USA, partner nation forces,,,,,Syria,,4,Kobane,,Fighter and bomber,,,Fighting position,1,Unknown,Building,2,Destroyed,,,,,,,,,,,,,,,,,,,,,,,,,,
2014-11-03T00:00:00Z,USA, partner nation forces,,,,,Syria,,1,Dayr az Zawr,,Fighter and bomber,,,Building,1,Damaged,,,,,,,,,,,,,,,,,,,,,,,,,,,,,
2014-11-03T00:00:00Z,Belgium,,,,,,Iraq,1,,Mosul,,Attack,2,,Building,1,Destroyed,,,,,,,,,,,,,,,,,,,,,,,,,,,,,
2014-11-04T00:00:00Z,UK,,,,,,Iraq,1,,Bayji,,Attack,2,Brimstone missiles,Armed truck,1,Destroyed,,,,,,,,,,,,,,,,,,,,,,,,,,,,,
2014-11-05T00:00:00Z,USA,,,,,,Syria,,3,Kobane,,Attack and fighter,,,Unit,1,Unknown,Fighting position,2,Unknown,Dump truck,1,Unknown,,,,,,,,,,,,,,,,,,,,,,,
2014-11-05T00:00:00Z,USA,,,,,,Syria,,1,Sinjar,,Attack and fighter,,,Mortar position,1,Destroyed,Unit,1,Unknown,,,,,,,,,,,,,,,,,,,,,,,,,,
2014-11-05T00:00:00Z,USA, partner nation forces,,,,,Iraq,1,,Mosul,,,,,Building,Multiple,Destroyed,,,,,,,,,,,,,,,,,,,,,,,,,,,,,
2014-11-05T00:00:00Z,USA, partner nation forces,,,,,Iraq,2,,Bayji,,,,,Unit,2,Unknown,Bunker,1,Destroyed,Antiaircraft artillery piece,1,Destroyed,,,,,,,,,,,,,,,,,,,,,,,
2014-11-05T00:00:00Z,USA, partner nation forces,,,,,Iraq,1,,Fallujah,,,,,Unit,1,Unknown,Vehicle,1,Destroyed,,,,,,,,,,,,,,,,,,,,,,,,,,
2014-11-05T00:00:00Z,USA, partner nation forces,,,,,Iraq,3,,Ramadi,,,,,Vehicle,1,Damaged,Checkpoint,1,Destroyed,,,,,,,,,,,,,,,,,,,,,,,,,,
2014-11-05T00:00:00Z,USA, partner nation forces,,,,,Iraq,2,,Sinjar,,,,,Unit,1,Unknown,Armored truck,1,Destroyed,,,,,,,,,,,,,,,,,,,,,,,,,,
2014-11-05T00:00:00Z,USA,,,,,,Syria,,5,Sarmada,,"Bomber, fighter, and remotely piloted aircraft",,,Vehicle,Multiple,Damaged or destroyed,Staging area,Multiple,Damaged or destroyed,IED making facility,Multiple,Damaged or destroyed,Training facility,Multiple,Damaged or destroyed,,,,,,,,,,,,,,,,,,,,
2014-11-07T00:00:00Z,USA, partner nation forces,,,,,Iraq,2,,Fallujah,,"Bomber, fighter, and remotely piloted aircraft",,,Bulldozer,2,Destroyed,Unit,1,Unknown,Vehicle,2,Destroyed,,,,,,,,,,,,,,,,,,,,,,,
2014-11-07T00:00:00Z,USA, partner nation forces,,,,,Iraq,1,,Bayji,,"Bomber, fighter, and remotely piloted aircraft",,,Unit,1,Unknown,Building,1,Damaged,,,,,,,,,,,,,,,,,,,,,,,,,,
2014-11-07T00:00:00Z,USA, partner nation forces,,,,,Iraq,2,,Ramadi,,"Bomber, fighter, and remotely piloted aircraft",,,Vehicle,1,Destroyed,,,,,,,,,,,,,,,,,,,,,,,,,,,,,
2014-11-07T00:00:00Z,USA, partner nation forces,,,,,Iraq,1,,Haditah,,"Bomber, fighter, and remotely piloted aircraft",,,Vehicle,4,Destroyed,,,,,,,,,,,,,,,,,,,,,,,,,,,,,
2014-11-07T00:00:00Z,USA, partner nation forces,,,,,Syria,,7,Kobane,,"Bomber, fighter, and remotely piloted aircraft",,,Unit,3,Unknown,Fighting position,7,Unknown,Artillery piece,1,Destroyed,,,,,,,,,,,,,,,,,,,,,,,
2014-11-07T00:00:00Z,USA, partner nation forces,,,,,Syria,,1,Tall Abyad,,"Bomber, fighter, and remotely piloted aircraft",,,Weapons stockpile,1,Destroyed,,,,,,,,,,,,,,,,,,,,,,,,,,,,,
2014-11-09T00:00:00Z,UK,,,,,,Iraq,1,,Al Anbar,,Attack,2,Brimstone missiles,Storage location,1,Destroyed,,,,,,,,,,,,,,,,,,,,,,,,,,,,,
2014-11-10T00:00:00Z,USA, partner nation forces inc. Canada, UK,,,,Iraq,6,,Bayji,,"Bomber, fighter, and remotely piloted aircraft",,,Unit,3,Unknown,Sniper position,1,Destroyed,Vehicle,2,Destroyed,,,,,,,,,,,,,,,,,,,,,,,
2014-11-10T00:00:00Z,UK,,,,,,Iraq,1,,Bayji,,Remotely piloted aircraft,,Hellfire missile,Unit,1,Unknown,,,,,,,,,,,,,,,,,,,,,,,,,,,,,
2014-11-10T00:00:00Z,USA, partner nation forces inc. Canada, UK,,,,Iraq,3,,Fallujah,,"Bomber, fighter, and remotely piloted aircraft",,,Unit,2,Unknown,IED emplacement,1,Unknown,Fighters,Multiple,Unknown,Anti aircraft mounted truck,1,Destroyed,,,,,,,,,,,,,,,,,,,,
2014-11-10T00:00:00Z,USA, partner nation forces inc. Canada, UK,,,,Iraq,3,,Mosul,,"Bomber, fighter, and remotely piloted aircraft",,,Unit,1,Unknown,Armed truck,11,Destroyed,,,,,,,,,,,,,,,,,,,,,,,,,,
2014-11-10T00:00:00Z,USA, partner nation forces inc. Canada, UK,,,,Iraq,2,,Al Qaim,,"Bomber, fighter, and remotely piloted aircraft",,,Armored vehicle,1,Destroyed,Checkpoint,2,Destroyed,,,,,,,,,,,,,,,,,,,,,,,,,,
2014-11-10T00:00:00Z,USA, partner nation forces inc. Canada, UK,,,,Iraq,1,,Haditah,,"Bomber, fighter, and remotely piloted aircraft",,,Humvee,2,Destroyed,,,,,,,,,,,,,,,,,,,,,,,,,,,,,
2014-11-10T00:00:00Z,USA, partner nation forces inc. Canada, UK,,,,Iraq,1,,Ramadi,,"Bomber, fighter, and remotely piloted aircraft",,,Unit,1,Unknown,,,,,,,,,,,,,,,,,,,,,,,,,,,,,
2014-11-10T00:00:00Z,USA, partner nation forces inc. Canada, UK,,,,Iraq,1,,Ar Rutbah,,"Bomber, fighter, and remotely piloted aircraft",,,Checkpoint,1,Destroyed,,,,,,,,,,,,,,,,,,,,,,,,,,,,,
2014-11-10T00:00:00Z,USA, partner nation forces,,,,,Syria,,13,Kobane,,"Bomber, fighter, and remotely piloted aircraft",,,Vehicle,1,Unknown,Unit,5,Unknown,Ammunition stockpile,1,Destroyed,Command and control building,1,Destroyed,Fighting position,7,Destroyed,Fighting positions,2,Damaged,,,,,,,,,,,,,,
2014-11-10T00:00:00Z,USA, partner nation forces,,,,,Syria,,10,Dayr az Zawr,,"Bomber, fighter, and remotely piloted aircraft",,,Oil collection facility,1,Damaged,Oil collection point,1,Damaged,,,,,,,,,,,,,,,,,,,,,,,,,,
2014-11-12T00:00:00Z,USA, partner nation forces,,,,,Iraq,2,,Kirkuk,,"Bomber, fighter, and remotely piloted aircraft",,,Unit,2,Unknown,,,,,,,,,,,,,,,,,,,,,,,,,,,,,
2014-11-12T00:00:00Z,USA, partner nation forces,,,,,Iraq,5,,Bayji,,"Bomber, fighter, and remotely piloted aircraft",,,Unit,4,Unknown,Building,2,Destroyed,Sniper position,1,Destroyed,Vehicle,2,Destroyed,Mortar position,1,Destroyed,Artillery piece,1,Destroyed,,,,,,,,,,,,,,
2014-11-12T00:00:00Z,USA, partner nation forces,,,,,Syria,,10,Kobane,,"Attack, fighter, and remotely piloted aircraft",,,Unit,8,Unknown,Fighting position,3,Damaged,Logistics facility,1,Destroyed,,,,,,,,,,,,,,,,,,,,,,,
2014-11-12T00:00:00Z,USA, partner nation forces,,,,,Syria,,2,Al Hasakah,,"Attack, fighter, and remotely piloted aircraft",,,Crude oil collection point,1,Damaged,,,,,,,,,,,,,,,,,,,,,,,,,,,,,
2014-11-12T00:00:00Z,USA, partner nation forces,,,,,Syria,,4,Dayr az Zawr,,"Attack, fighter, and remotely piloted aircraft",,,Crude oil collection point,1,Damaged,Unit,1,Unknown,Vehicle,1,Damaged,,,,,,,,,,,,,,,,,,,,,,,
2014-11-14T00:00:00Z,USA, partner nation forces inc. UK,,,,,Iraq,8,,Kirkuk,,"Attack, bomber, fighter, and remotely piloted aircraft",,,Unit,4,Unknown,Heavy machine gun,1,Destroyed,Weapons bunker,1,Destroyed,Vehicle,1,Destroyed,,,,,,,,,,,,,,,,,,,,
2014-11-14T00:00:00Z,USA, partner nation forces inc. UK,,,,,Iraq,1,,Taiji,,"Attack, bomber, fighter, and remotely piloted aircraft",,,Vehicle,3,Destroyed,,,,,,,,,,,,,,,,,,,,,,,,,,,,,
2014-11-14T00:00:00Z,USA, partner nation forces inc. UK,,,,,Iraq,2,,Ar Rutbah,,"Attack, bomber, fighter, and remotely piloted aircraft",,,Vehicle,13,Destroyed,Excavators,2,Destroyed,,,,,,,,,,,,,,,,,,,,,,,,,,
2014-11-14T00:00:00Z,USA, partner nation forces inc. UK,,,,,Iraq,3,,Bayji,,"Attack, bomber, fighter, and remotely piloted aircraft",,,Unit,2,Unknown,Vehicle,1,Destroyed,,,,,,,,,,,,,,,,,,,,,,,,,,
2014-11-14T00:00:00Z,USA, partner nation forces inc. UK,,,,,Iraq,1,,Fallujah,,"Attack, bomber, fighter, and remotely piloted aircraft",,,Unit,1,Unknown,,,,,,,,,,,,,,,,,,,,,,,,,,,,,
2014-11-14T00:00:00Z,USA, partner nation forces inc. UK,,,,,Iraq,1,,Mosul,,"Attack, bomber, fighter, and remotely piloted aircraft",,,Unit,1,Destroyed,,,,,,,,,,,,,,,,,,,,,,,,,,,,,
2014-11-14T00:00:00Z,USA, partner nation forces,,,,,Syria,,17,Kobane,,"Bomber, fighter, and remotely piloted aircraft",,,Unit,10,Unknown,Fighting position,10,Destroyed,Building,1,Destroyed,Vehicle,2,Destroyed,Mortorcycle,1,Destroyed,,,,,,,,,,,,,,,,,
2014-11-14T00:00:00Z,USA, partner nation forces,,,,,Syria,,1,Ar Raqqah,,"Bomber, fighter, and remotely piloted aircraft",,,Training camp,1,Destroyed,,,,,,,,,,,,,,,,,,,,,,,,,,,,,
2014-11-14T00:00:00Z,USA, partner nation forces,,,,,Syria,,1,Dayr az Zawr,,"Bomber, fighter, and remotely piloted aircraft",,,Oil collection point,1,Destroyed,,,,,,,,,,,,,,,,,,,,,,,,,,,,,
2014-11-14T00:00:00Z,USA,,,,,,Syria,,1,W Aleppo,,"Bomber, fighter, and remotely piloted aircraft",,,Unknown,,,,,,,,,,,,,,,,,,,,,,,,,,,,,,,
2014-11-17T00:00:00Z,USA,partner nation forces inc. UK,,,,,Iraq,4,,Ar Rutbah,,"Attack, bomber, fighter, and remotely piloted aircraft",,,Truck,9,Destroyed,Excavators,2,Destroyed,Front-loader,1,Destroyed,Vehicle,1,Damaged,,,,,,,,,,,,,,,,,,,,
2014-11-17T00:00:00Z,USA,partner nation forces inc. UK,,,,,Iraq,3,,Fallujah,,"Attack, bomber, fighter, and remotely piloted aircraft",,,Vehicle,2,Destroyed,Bulldozer,1,Destroyed,Front-loader,1,Destroyed,,,,,,,,,,,,,,,,,,,,,,,
2014-11-17T00:00:00Z,UK,,,,,,Iraq,1,,Mosul Dam,,Attack,,Paveway IV guided bomb,Bulldozer,1,Destroyed,Mortar,1,Unknown,Firing position,1,Unknown,,,,,,,,,,,,,,,,,,,,,,,
2014-11-17T00:00:00Z,USA,partner nation forces inc. UK,,,,,Iraq,2,,Mosul,,"Attack, bomber, fighter, and remotely piloted aircraft",,,Tactical unit,2,Unknown,Vehicle,1,Destroyed,Fighting position,1,Destroyed,,,,,,,,,,,,,,,,,,,,,,,
2014-11-17T00:00:00Z,USA,partner nation forces inc. UK,,,,,Iraq,3,,Kirkuk,,"Attack, bomber, fighter, and remotely piloted aircraft",,,Tactical unit,1,Unknown,Tank,1,Destroyed,Tank,1,Damaged,,,,,,,,,,,,,,,,,,,,,,,
2014-11-17T00:00:00Z,USA,partner nation forces inc. UK,,,,,Iraq,1,,Al Qaim,,"Attack, bomber, fighter, and remotely piloted aircraft",,,Vehicle,1,Destroyed,,,,,,,,,,,,,,,,,,,,,,,,,,,,,
2014-11-17T00:00:00Z,UK,,,,,,Iraq,1,,Tal Afar,,"Attack, bomber, fighter, and remotely piloted aircraft",,Brimstone missiles,Communication vehicle,1,Unknown,,,,,,,,,,,,,,,,,,,,,,,,,,,,,
2014-11-17T00:00:00Z,USA,partner nation forces inc. UK,,,,,Iraq,5,,Bayji,,"Attack, bomber, fighter, and remotely piloted aircraft",,,Tactical unit,2,Unknown,Unit,1,Unknown,Tank,1,Destroyed,Vehicle,1,Destroyed,Fighting position,4,Destroyed,,,,,,,,,,,,,,,,,
2014-11-17T00:00:00Z,USA,partner nation forces inc. UK,,,,,Syria,,9,Kobane,,Fighter and bomber,,,Fighting position,7,Destroyed,Fighting position,1,Suppressed,Staging area,4,Destroyed,Tactical unit,1,Unknown,,,,,,,,,,,,,,,,,,,,
2014-11-17T00:00:00Z,USA,,,,,,Syria,,2,Dayr az Zawr,,Fighter and bomber,,,Crude oil facility,1,Unknown,Tank,1,Destroyed,,,,,,,,,,,,,,,,,,,,,,,,,,
2014-11-19T00:00:00Z,USA,"partner nation forces inc. UK, Canada",France,,,,Iraq,13,,Kirkuk,,"Attack, bomber, fighter, and remotely piloted aircraft",,,Fighting position,2,Destroyed,Staging area,7,Destroyed,Mortar position,1,Destroyed,Bulldozer,1,Destroyed,Front loader,1,Destroyed,,,,,,,,,,,,,,,,,
2014-11-19T00:00:00Z,USA,"partner nation forces inc. UK, France, Canada",,,,,Iraq,6,,Mosul,,"Attack, bomber, fighter, and remotely piloted aircraft",,,Tactical unit,5,Unknown,IED factory,1,Damaged,Mortar position,1,Destroyed,Vehicle,3,Destroyed,Building,1,Destroyed,Artillery piece,1,Destroyed,Artillery mover,1,Destroyed,,,,,,,,,,Yes,16
2014-11-19T00:00:00Z,Canada,,,,,,Iraq,1,,Mosul,,Attack,,,IED factory,1,Destroyed,,,,,,,,,,,,,,,,,,,,,,,,,,,,,
2014-11-19T00:00:00Z,USA,"partner nation forces inc. UK, France, Canada",,,,,Iraq,3,,Bayji,,"Attack, bomber, fighter, and remotely piloted aircraft",,,Tactical unit,3,Unknown,Building,1,Destroyed,Vehicle,1,Destroyed,,,,,,,,,,,,,,,,,,,,,,,
2014-11-19T00:00:00Z,USA,"partner nation forces inc. UK, France, Canada",,,,,Iraq,1,,Fallujah,,"Attack, bomber, fighter, and remotely piloted aircraft",,,Tactical unit,1,Unknown,,,,,,,,,,,,,,,,,,,,,,,,,,,,,
2014-11-19T00:00:00Z,USA,partner nation forces,,,,,Syria,,5,Kobane,,Fighter and bomber,,,Fighting position,1,Destroyed,Staging area,1,Destroyed,Building,3,Destroyed,Fighting position,2,Suppressed,Tactical unit,2,Unknown,Unit,1,Unknown,,,,,,,,,,,,,,
2014-11-19T00:00:00Z,USA,partner nation forces,,,,,Syria,,1,Al Hasakah,,Fighter and bomber,,,Crude oil collection point,1,Damaged,,,,,,,,,,,,,,,,,,,,,,,,,,,,,
2014-11-19T00:00:00Z,USA,,,,,,Syria,,1,Haram,,Fighter and bomber,,,Storage location,1,Destroyed,,,,,,,,,,,,,,,,,,,,,,,,,,,,,
2014-11-21T00:00:00Z,USA,partner nation forces inc. UK,,,,,Iraq,5,,Bayji,,"Attack, bomber, fighter, and remotely piloted aircraft",,,,,,Bunker,1,Destroyed,Transport vehicle,2,Destroyed,Tactical unit,5,Destroyed,Checkpoint,1,Destroyed,Building,1,Damaged,,,,,,,,,,,,,,
2014-11-21T00:00:00Z,UK,,,,,,Iraq,1,,Bayji,,Attack,1,Paveway IV guided bomb,Building,3,Destroyed,,,,,,,,,,,,,,,,,,,,,,,,,,,,,
2014-11-21T00:00:00Z,USA,partner nation forces inc. UK,,,,,Iraq,4,,Sinjar,,"Attack, bomber, fighter, and remotely piloted aircraft",,,Barracks,2,Destroyed,Bunker,1,Destroyed,Guard outpost,1,Destroyed,Armored vehicle,8,Destroyed,Truck,1,Destroyed,Tactical unit,2,Destroyed,,,,,,,,,,,,,,
2014-11-21T00:00:00Z,USA,partner nation forces inc. UK,,,,,Iraq,3,,Kirkuk,,"Attack, bomber, fighter, and remotely piloted aircraft",,,Bunker,5,Destroyed,Vehicle,2,Destroyed,Tactical unit,1,Destroyed,,,,,,,,,,,,,,,,,,,,,,,
2014-11-21T00:00:00Z,USA,partner nation forces inc. UK,,,,,Iraq,4,,Al Asad,,"Attack, bomber, fighter, and remotely piloted aircraft",,,Vehicle,4,Destroyed,Building,1,Destroyed,Tactical unit,3,Unknown,,,,,,,,,,,,,,,,,,,,,,,
2014-11-21T00:00:00Z,USA,partner nation forces inc. UK,,,,,Iraq,3,,Mosul,,"Attack, bomber, fighter, and remotely piloted aircraft",,,Guard post,1,Destroyed,Vehicle,1,Destroyed,Tactical unit,2,Destroyed,,,,,,,,,,,,,,,,,,,,,,,
2014-11-21T00:00:00Z,USA,partner nation forces inc. UK,,,,,Iraq,2,,Ramadi,,"Attack, bomber, fighter, and remotely piloted aircraft",,,Vehicle,1,Destroyed,Tactical unit,1,Destroyed,Armored vehicle,1,Damaged,Building,1,Damaged,,,,,,,,,,,,,,,,,,,,
2014-11-21T00:00:00Z,USA,partner nation forces inc. UK,,,,,Iraq,1,,Tal Afar,,"Attack, bomber, fighter, and remotely piloted aircraft",,,Airfield,1,Damaged,,,,,,,,,,,,,,,,,,,,,,,,,,,,,
2014-11-21T00:00:00Z,USA,,,,,,Syria,,6,Kobane,,Fighter and bomber,,,Staging area,4,Destroyed,Building,2,Destroyed,Tactical unit,2,Destroyed,Fighting position,1,Suppressed,,,,,,,,,,,,,,,,,,,,
2014-11-21T00:00:00Z,USA,,,,,,Syria,,1,Ar Raqaah,,Fighter and bomber,,,Barracks,1,Damaged,,,,,,,,,,,,,,,,,,,,,,,,,,,,,
2014-11-24T00:00:00Z,USA,partner nation forces,,,,,Iraq,5,,Mosul,,"Attack, bomber, fighter, and remotely piloted aircraft",,,,,,,,,,,,,,,,,,,,,,,,,,,,,,,,,,
2014-11-24T00:00:00Z,USA,partner nation forces,,,,,Iraq,2,,Al Asad,,"Attack, bomber, fighter, and remotely piloted aircraft",,,,,,,,,,,,,,,,,,,,,,,,,,,,,,,,,,
2014-11-24T00:00:00Z,USA,partner nation forces,,,,,Iraq,2,,Bagdhad,,"Attack, bomber, fighter, and remotely piloted aircraft",,,,,,,,,,,,,,,,,,,,,,,,,,,,,,,,,,
2014-11-24T00:00:00Z,USA,partner nation forces,,,,,Iraq,2,,Ramadi,,"Attack, bomber, fighter, and remotely piloted aircraft",,,,,,,,,,,,,,,,,,,,,,,,,,,,,,,,,,
2014-11-24T00:00:00Z,USA,partner nation forces,,,,,Iraq,2,,Tal Afar,,"Attack, bomber, fighter, and remotely piloted aircraft",,,,,,,,,,,,,,,,,,,,,,,,,,,,,,,,,,
2014-11-24T00:00:00Z,USA,partner nation forces,,,,,Iraq,1,,Fallujah Dam,,"Attack, bomber, fighter, and remotely piloted aircraft",,,,,,,,,,,,,,,,,,,,,,,,,,,,,,,,,,
2014-11-24T00:00:00Z,USA,partner nation forces,,,,,Iraq,1,,Hit,,"Attack, bomber, fighter, and remotely piloted aircraft",,,,,,,,,,,,,,,,,,,,,,,,,,,,,,,,,,
2014-11-24T00:00:00Z,USA,partner nation forces,,,,,Syria,,7,Kobane,,Fighter and bomber,,,,,,,,,,,,,,,,,,,,,,,,,,,,,,,,,,
2014-11-24T00:00:00Z,USA,partner nation forces,,,,,Syria,,2,Ar Raqaah,,Fighter and bomber,,,,,,,,,,,,,,,,,,,,,,,,,,,,,,,,,,
2014-11-26T00:00:00Z,USA,partner nation forces,,,,,Iraq,2,,Mosul,,"Attack, fighter, and remotely piloted aircraft",,,Bulldozer,1,Destroyed,Vehicle,2,Destroyed,Building,3,Destroyed,Fighting position,1,Destroyed,Unit,1,Unknown,,,,,,,,,,,,,,,,,
2014-11-26T00:00:00Z,USA,partner nation forces,,,,,Iraq,2,,Kirkuk,,"Attack, fighter, and remotely piloted aircraft",,,Tank,1,Destroyed,Humvee,1,Destroyed,Vehicle,1,Destroyed,Unit,2,Unknown,,,,,,,,,,,,,,,,,,,,
2014-11-26T00:00:00Z,USA,partner nation forces,,,,,Iraq,1,,Sinjar,,"Attack, fighter, and remotely piloted aircraft",,,Humvee,1,Destroyed,Vehicle,1,Destroyed,,,,,,,,,,,,,,,,,,,,,,,,,,
2014-11-26T00:00:00Z,USA,partner nation forces,,,,,Iraq,1,,Ramadi,,"Attack, fighter, and remotely piloted aircraft",,,Checkpoint,1,Damaged,,,,,,,,,,,,,,,,,,,,,,,,,,,,,
2014-11-26T00:00:00Z,USA,partner nation forces,,,,,Iraq,1,,Bayji,,"Attack, fighter, and remotely piloted aircraft",,,Vehicle,1,Destroyed,Vehicle,1,Damaged,,,,,,,,,,,,,,,,,,,,,,,,,,
2014-11-26T00:00:00Z,USA,,,,,,Syria,,10,Kobane,,Fighter and bomber,,,Fighting position,1,Unknown,Unit,1,Unknown,Staging area,4,Destroyed,Fighting position,6,Destroyed,,,,,,,,,,,,,,,,,,,,
2014-11-28T00:00:00Z,USA,partner nation forces inc. UK,,,,,Iraq,5,,Kirkuk,,"Fighter, attack, and remotely piloted aircraft",,,Bunker,5,Destroyed,Vehicle,4,Destroyed,Bulldozer,1,Destroyed,Fighting position,1,Destroyed,Unit,1,Unknown,Tactical unit,4,Unknown,,,,,,,,,,,,,,
2014-11-28T00:00:00Z,USA,partner nation forces inc. UK,,,,,Iraq,2,,Mosul,,"Fighter, attack, and remotely piloted aircraft",,,Vehicle,5,Destroyed,Heavy weapon,1,Destroyed,Unit,2,Unknown,,,,,,,,,,,,,,,,,,,,,,,
2014-11-28T00:00:00Z,USA,partner nation forces inc. UK,,,,,Iraq,1,,Ramadi,,"Fighter, attack, and remotely piloted aircraft",,,Tactical unit,1,Unknown,,,,,,,,,,,,,,,,,,,,,,,,,,,,,
2014-11-28T00:00:00Z,USA,partner nation forces inc. UK,,,,,Iraq,1,,Ar Rutbah,,"Fighter, attack, and remotely piloted aircraft",,,Vehicle,7,Destroyed,,,,,,,,,,,,,,,,,,,,,,,,,,,,,
2014-11-28T00:00:00Z,USA,partner nation forces inc. UK,,,,,Iraq,1,,Fallujah,,"Fighter, attack, and remotely piloted aircraft",,,Tactical unit,1,Unknown,,,,,,,,,,,,,,,,,,,,,,,,,,,,,
2014-11-28T00:00:00Z,USA,partner nation forces inc. UK,,,,,Iraq,2,,Al Qaim,,"Fighter, attack, and remotely piloted aircraft",,,Fighting position,1,Destroyed,Armored truck,1,Destroyed,,,,,,,,,,,,,,,,,,,,,,,,,,
2014-11-28T00:00:00Z,USA,partner nation forces inc. UK,,,,,Iraq,1,,Bayji,,"Fighter, attack, and remotely piloted aircraft",,,Tactical unit,1,Unknown,Vehicle,1,Unknown,Building,1,Unknown,,,,,,,,,,,,,,,,,,,,,,,
2014-11-28T00:00:00Z,USA,,,,,,Syria,,1,Kobane,,Bomber and remotely piloted aircraft,,,Fighting position,1,Unknown,Staging area,1,Unknown,,,,,,,,,,,,,,,,,,,,,,,,,,
2014-11-28T00:00:00Z,USA,,,,,,Syria,,1,Aleppo,,Bomber and remotely piloted aircraft,,,Tactical unit,1,Unknown,,,,,,,,,,,,,,,,,,,,,,,,,,,,,
2014-12-01T00:00:00Z,USA,"partner nation forces inc. France, Canada, UK",,,,,Iraq,13,,Mosul,,"Attack, fighter, and remotely piloted aircraft",,,Tactical unit,4,Destroyed,Unit,2,Destroyed,Fighting position,2,Destroyed,Armored vehicle,3,Destroyed,Vehicle,7,Destroyed,Truck,2,Destroyed,Bulldozer,1,Destroyed,Heavy machine-gun,1,Destroyed,Mortar position,1,Destroyed,Anti-aircraft artillery,1,Destroyed,,
2014-12-01T00:00:00Z,France,,,,,,Iraq,1,,Sinjar,,Attack,,GBU 12,Checkpoint,1,Destroyed,,,,,,,,,,,,,,,,,,,,,,,,,,,,,
2014-12-01T00:00:00Z,USA,"partner nation forces inc. France, Canada, UK",,,,,Iraq,5,,Tal Afar,,"Attack, fighter, and remotely piloted aircraft",,Brimstone missiles,Vehicle,19,Destroyed,Bunker,2,Destroyed,Compound,1,Destroyed,Tactical unit,1,Unknown,,,,,,,,,,,,,,,,,,,,
2014-12-01T00:00:00Z,USA,"partner nation forces inc. France, Canada, UK",,,,,Iraq,3,,Hit,,"Attack, fighter, and remotely piloted aircraft",,,Checkpoint,1,Destroyed,Bunker,1,Destroyed,Excavator,1,Destroyed,Tactical unit,1,Unknown,Checkpoint,1,Damaged,,,,,,,,,,,,,,,,,
2014-12-01T00:00:00Z,USA,"partner nation forces inc. France, Canada, UK",,,,,Iraq,2,,Tal Talab,,"Attack, fighter, and remotely piloted aircraft",,,Fighting position,3,Destroyed,Tactical unit,1,Unknown,,,,,,,,,,,,,,,,,,,,,,,,,,
2014-12-01T00:00:00Z,USA,"partner nation forces inc. France, Canada, UK",,,,,Iraq,2,,Tikrit,,"Attack, fighter, and remotely piloted aircraft",,Brimstone missiles,Vehicle,3,Destroyed,Unit,2,Unknown,,,,,,,,,,,,,,,,,,,,,,,,,,
2014-12-01T00:00:00Z,USA,"partner nation forces inc. France, Canada, UK",,,,,Iraq,1,,Kirkuk,,"Attack, fighter, and remotely piloted aircraft",,,Vehicle,1,Destroyed,,,,,,,,,,,,,,,,,,,,,,,,,,,,,
2014-12-01T00:00:00Z,USA,"partner nation forces inc. France, Canada, UK",,,,,Iraq,1,,Ramadi,,"Attack, fighter, and remotely piloted aircraft",,,Vehicle,1,Destroyed,Tactical unit,1,Unknown,,,,,,,,,,,,,,,,,,,,,,,,,,
2014-12-01T00:00:00Z,USA,,,,,,Syria,,17,Kobane,,"Fighter, bomber, remotely piloted aircraft",,,Building,2,Destroyed,Tank,3,Destroyed,Fighting position,3,Destroyed,APC,1,Destroyed,Vehicle,3,Destroyed,Staging area,2,Destroyed,Tactical unit,7,Unknown,Fighting position,6,Unknown,Building,1,Damaged,,,,,
2014-12-01T00:00:00Z,USA,,,,,,Syria,,9,Ar Raqaah,,"Fighter, bomber, remotely piloted aircraft",,,Electronic warfare garrison,1,Unknown,Military garrison,1,Unknown,Headquarters,1,Unknown,Jamming system,1,Unknown,Tank,1,Unknown,Vehicle,14,Unknown,,,,,,,,,,,,,,
2014-12-01T00:00:00Z,USA,,,,,,Syria,,1,Aleppo,,"Fighter, bomber, remotely piloted aircraft",,,,,,,,,,,,,,,,,,,,,,,,,,,,,,,,,,
2014-12-03T00:00:00Z,USA,partner nation forces inc. UK,,,,,Iraq,4,,Mosul,,"Fighter, attack, and remotely piloted aircraft",,,Bunker,5,Destroyed,Building,2,Destroyed,Vehicle,1,Destroyed,Fighting position,1,Destroyed,Heavy weapon,2,Destroyed,,,,,,,,,,,,,,,,,
2014-12-03T00:00:00Z,USA,partner nation forces inc. UK,,,,,Iraq,2,,Ramadi,,"Fighter, attack, and remotely piloted aircraft",,,Vehicle,4,Destroyed,,,,,,,,,,,,,,,,,,,,,,,,,,,,,
2014-12-03T00:00:00Z,USA,partner nation forces inc. UK,,,,,Iraq,1,,Tal Afar,,"Fighter, attack, and remotely piloted aircraft",,,Excavator,1,Destroyed,Unit,1,Destroyed,,,,,,,,,,,,,,,,,,,,,,,,,,
2014-12-03T00:00:00Z,USA,partner nation forces inc. UK,,,,,Iraq,1,,Sinjar,,"Fighter, attack, and remotely piloted aircraft",,,Building,4,Destroyed,Tractor,2,Destroyed,,,,,,,,,,,,,,,,,,,,,,,,,,
2014-12-03T00:00:00Z,USA,partner nation forces inc. UK,,,,,Iraq,1,,Hit,,"Fighter, attack, and remotely piloted aircraft",,,Vehicle,1,Destroyed,,,,,,,,,,,,,,,,,,,,,,,,,,,,,
2014-12-03T00:00:00Z,USA,partner nation forces inc. UK,,,,,Iraq,1,,Al Qaim,,"Fighter, attack, and remotely piloted aircraft",,,Vehicle,4,Destroyed,,,,,,,,,,,,,,,,,,,,,,,,,,,,,
2014-12-03T00:00:00Z,USA,partner nation forces inc. UK,,,,,Iraq,1,,Fallujah,,"Fighter, attack, and remotely piloted aircraft",,,Vehicle,12,Destroyed,Weapon facility,2,Destroyed,Tactical unit,1,Destroyed,,,,,,,,,,,,,,,,,,,,,,,
2014-12-03T00:00:00Z,USA,,,,,,Syria,,14,Kobane,,Fighter and bomber,,,Vehicle,1,Destroyed,Fighting position,17,Destroyed,Staging area,1,Destroyed,Fighting position,8,Suppressed,Unit,1,Unknown,,,,,,,,,,,,,,,,,
2014-12-05T00:00:00Z,USA,"partner nation forces inc. France, Canada, UK",,,,,Iraq,4,,Al Qaim,,"Fighter, attack, and remotely piloted aircraft",,,Checkpoint,4,Destroyed,Armored truck,4,Destroyed,Bunker,4,Destroyed,Fortifications,5,Destroyed,Tactical unit,1,Unknown,,,,,,,,,,,,,,,,,
2014-12-05T00:00:00Z,USA,"partner nation forces inc. France, Canada, UK",,,,,Iraq,3,,Kirkuk,,"Fighter, attack, and remotely piloted aircraft",,,Building,1,Destroyed,IED emplacement,2,Destroyed,Tactical unit,3,Unknown,,,,,,,,,,,,,,,,,,,,,,,
2014-12-05T00:00:00Z,USA,"partner nation forces inc. France, Canada, UK",,,,,Iraq,2,,Samarra,,"Fighter, attack, and remotely piloted aircraft",,,Fighting position,1,Destroyed,Tactical unit,2,Destroyed,,,,,,,,,,,,,,,,,,,,,,,,,,
2014-12-05T00:00:00Z,USA,"partner nation forces inc. France, Canada, UK",,,,,Iraq,2,,Tal Afar,,"Fighter, attack, and remotely piloted aircraft",,,Bunker,2,Destroyed,Fortification,1,Destroyed,,,,,,,,,,,,,,,,,,,,,,,,,,
2014-12-05T00:00:00Z,USA,"partner nation forces inc. France, Canada, UK",,,,,Iraq,1,,Mosul,,"Fighter, attack, and remotely piloted aircraft",,,Bunker,9,Destroyed,Heavy weapon,7,Destroyed,Vehicle,1,Destroyed,Unit,2,Unknown,,,,,,,,,,,,,,,,,,,,
2014-12-05T00:00:00Z,Canada,,,,,,Iraq,1,,Mosul,,Attack,,,Bunker,2,Destroyed,Heavy machine gun,2,Destroyed,,,,,,,,,,,,,,,,,,,,,,,,,,
2014-12-05T00:00:00Z,UK,,,,,,Iraq,1,,Fallujah,,Attack,2,Paveway IV guided bomb,Tactical unit,1,Destroyed,,,,,,,,,,,,,,,,,,,,,,,,,,,,,
2014-12-05T00:00:00Z,USA,,,,,,Syria,,5,Kobane,,Attack and bomber,,,Fighting position,6,Destroyed,Heavy weapon,1,Destroyed,,,,,,,,,,,,,,,,,,,,,,,,,,
2014-12-05T00:00:00Z,USA,,,,,,Syria,,1,Dayr az Zawr,,Attack and bomber,,,Vehicle,3,Destroyed,Excavators,1,Destroyed,Training camp,1,Destroyed,,,,,,,,,,,,,,,,,,,,,,,
2014-12-08T00:00:00Z,USA,partner nation forces inc. UK,,,,,Iraq,6,,Kirkuk,,"Fighter, bomber, attack, and remotely piloted aircraft",,,Excavator,2,Destroyed,Bulldozer,1,Destroyed,Bunker,1,Destroyed,Ammunition dump,1,Destroyed,Excavator,1,Unknown,Fighting position,1,Suppressed,Tactical unit,1,Unknown,,,,,,,,,,,
2014-12-08T00:00:00Z,USA,partner nation forces inc. UK,,,,,Iraq,4,,Al Biaj,,"Fighter, bomber, attack, and remotely piloted aircraft",,,Armored vehicle,4,Destroyed,Checkpoint,1,Destroyed,Storage container,1,Destroyed,,,,,,,,,,,,,,,,,,,,,,,
2014-12-08T00:00:00Z,USA,partner nation forces inc. UK,,,,,Iraq,3,,Sinjar,,"Fighter, bomber, attack, and remotely piloted aircraft",,,Building,6,Destroyed,Storage container,7,Destroyed,Fighting position,2,Destroyed,Excavator,1,Destroyed,Bunker,1,Unknown,,,,,,,,,,,,,,,,,
2014-12-08T00:00:00Z,UK,,,,,,,,,Sinjar,,Attack,,Brimstone missiles,APC,2,Unknown,,,,,,,,,,,,,,,,,,,,,,,,,,,,,
2014-12-08T00:00:00Z,USA,partner nation forces inc. UK,,,,,Iraq,4,,Mosul,,"Fighter, bomber, attack, and remotely piloted aircraft",,,Excavator,1,Destroyed,Vehicle,1,Destroyed,Heavy weapon,1,Destroyed,Tactical unit,2,Unknown,,,,,,,,,,,,,,,,,,,,
2014-12-08T00:00:00Z,USA,partner nation forces inc. UK,,,,,Iraq,1,,Al Qaim,,"Fighter, bomber, attack, and remotely piloted aircraft",,,Observation post,1,Unknown,,,,,,,,,,,,,,,,,,,,,,,,,,,,,
2014-12-08T00:00:00Z,UK,,,,,,,2,,Rawah,,Attack,,Paveway IV guided bomb,Observation post,1,Destroyed,Armored vehicle,1,Destroyed,,,,,,,,,,,,,,,,,,,,,,,,,,
2014-12-08T00:00:00Z,USA,partner nation forces inc. UK,,,,,Iraq,3,,Tal Afar,,"Fighter, bomber, attack, and remotely piloted aircraft",,,Armored vehicle,7,Destroyed,Bulldozer,1,Destroyed,Excavator,1,Destroyed,,,,,,,,,,,,,,,,,,,,,,,
2014-12-08T00:00:00Z,USA,partner nation forces inc. UK,,,,,Iraq,3,,Ramadi,,"Fighter, bomber, attack, and remotely piloted aircraft",,,Building,1,Destroyed,Front loader,1,Destroyed,Unit,2,Unknown,,,,,,,,,,,,,,,,,,,,,,,
2014-12-08T00:00:00Z,USA,partner nation forces inc. UK,,,,,Iraq,2,,Bayji,,"Fighter, bomber, attack, and remotely piloted aircraft",,,Building,1,Destroyed,Tactical unit,2,Unknown,,,,,,,,,,,,,,,,,,,,,,,,,,
2014-12-08T00:00:00Z,USA,partner nation forces inc. UK,,,,,Iraq,1,,Rawah,,"Fighter, bomber, attack, and remotely piloted aircraft",,,Tank,1,Destroyed,,,,,,,,,,,,,,,,,,,,,,,,,,,,,
2014-12-08T00:00:00Z,USA,partner nation forces inc. UK,,,,,Iraq,1,,Hit,,"Fighter, bomber, attack, and remotely piloted aircraft",,,,,,,,,,,,,,,,,,,,,,,,,,,,,,,,,,
2014-12-08T00:00:00Z,USA,,,,,,Syria,,14,Kobane,,Fighter and bomber,,,Fighting position,4,Destroyed,Building,3,Destroyed,Staging area,2,Destroyed,Tank,2,Destroyed,Motorcycle,1,Destroyed,Mortar,1,Destroyed,Tactical unit,8,Unknown,Fighting position,2,Unknown,,,,,,,,
2014-12-08T00:00:00Z,USA,,,,,,Syria,,1,Ar Raqaah,,Fighter and bomber,,,Electronic warfare garrison,1,Unknown,,,,,,,,,,,,,,,,,,,,,,,,,,,,,
2014-12-10T00:00:00Z,USA,partner nation forces inc. UK,,,,,Iraq,3,,Sinjar,,"Fighter, attack, and remotely piloted aircraft",,,Building,4,Destroyed,Storage container,3,Destroyed,Fighting position,2,Destroyed,,,,,,,,,,,,,,,,,,,,,,,
2014-12-10T00:00:00Z,UK,,,,,,Iraq,1,,Sinjar,,Attack,,Brimstone missiles,Guard tower,1,Unknown,,,,,,,,,,,,,,,,,,,,,,,,,,,,,
2014-12-10T00:00:00Z,USA,partner nation forces inc. UK,,,,,Iraq,3,,Al Qaim,,"Fighter, attack, and remotely piloted aircraft",,,Storage container,1,Destroyed,Armored truck,1,Destroyed,Bunker,2,Unknown,Armored vehicle,2,Unknown,APC,2,Unknown,,,,,,,,,,,,,,,,,
2014-12-10T00:00:00Z,USA,partner nation forces inc. UK,,,,,Iraq,2,,Ramadi,,"Fighter, attack, and remotely piloted aircraft",,,Armored vehicle,1,Destroyed,Heavy weapon,1,Destroyed,Tactical unit,1,Unknown,,,,,,,,,,,,,,,,,,,,,,,
2014-12-10T00:00:00Z,USA,partner nation forces inc. UK,,,,,Iraq,2,,Mosul,,"Fighter, attack, and remotely piloted aircraft",,,Building,2,Destroyed,Bunker,1,Destroyed,Tactical unit,1,Unknown,,,,,,,,,,,,,,,,,,,,,,,
2014-12-10T00:00:00Z,USA,partner nation forces inc. UK,,,,,Iraq,1,,Samarra,,"Fighter, attack, and remotely piloted aircraft",,,Vehicle,2,Destroyed,Tactical unit,1,Unknown,,,,,,,,,,,,,,,,,,,,,,,,,,
2014-12-10T00:00:00Z,USA,partner nation forces inc. UK,,,,,Iraq,1,,Kirkuk,,"Fighter, attack, and remotely piloted aircraft",,,Tactical unit,1,Unknown,,,,,,,,,,,,,,,,,,,,,,,,,,,,,
2014-12-10T00:00:00Z,USA,,,,,,Syria,,7,Kobane,,Fighter and bomber,,,Fighting position,5,Destroyed,Fighting position,3,Unknown,Unit,1,Unknown,,,,,,,,,,,,,,,,,,,,,,,
2014-12-12T00:00:00Z,USA,partner nation forces inc. UK,,,,,Iraq,4,,Sinjar,,"Fighter, bomber, attack, and remotely piloted aircraft",,,Armored vehicle,1,Destroyed,Storage container,2,Destroyed,Armored vehicle,1,Unknown,Checkpoint,1,Unknown,,,,,,,,,,,,,,,,,,,,
2014-12-12T00:00:00Z,USA,partner nation forces inc. UK,,,,,Iraq,4,,Ramadi,,"Fighter, bomber, attack, and remotely piloted aircraft",,,Excavator,1,Destroyed,Vehicle,5,Destroyed,Building,1,Unknown,Unit,3,Unknown,,,,,,,,,,,,,,,,,,,,
2014-12-12T00:00:00Z,USA,partner nation forces inc. UK,,,,,Iraq,3,,Ar Rutbah,,"Fighter, bomber, attack, and remotely piloted aircraft",,,Bulldozer,2,Destroyed,Storage container,1,Destroyed,,,,,,,,,,,,,,,,,,,,,,,,,,
2014-12-12T00:00:00Z,USA,partner nation forces inc. UK,,,,,Iraq,3,,Mosul,,"Fighter, bomber, attack, and remotely piloted aircraft",,,Bunker,1,Destroyed,Bulldozer,1,Destroyed,Excavator,1,Unknown,,,,,,,,,,,,,,,,,,,,,,,
2014-12-12T00:00:00Z,USA,partner nation forces inc. UK,,,,,Iraq,3,,Al Qaim,,"Fighter, bomber, attack, and remotely piloted aircraft",,,Vehicle,4,Destroyed,Building,2,Destroyed,Storage container,1,Destroyed,Guard towers,1,Destroyed,Bunker,1,Destroyed,,,,,,,,,,,,,,,,,
2014-12-12T00:00:00Z,USA,partner nation forces inc. UK,,,,,Iraq,1,,Samarra,,"Fighter, bomber, attack, and remotely piloted aircraft",,,Unit,1,Unknown,,,,,,,,,,,,,,,,,,,,,,,,,,,,,
2014-12-12T00:00:00Z,UK,,,,,,Iraq,1,,Rawah,,"Fighter, bomber, attack, and remotely piloted aircraft",,Paveway IV guided bomb,Guard shack,1,Destroyed,,,,,,,,,,,,,,,,,,,,,,,,,,,,,
2014-12-12T00:00:00Z,USA,partner nation forces inc. UK,,,,,Iraq,1,,Al Asad,,"Fighter, bomber, attack, and remotely piloted aircraft",,,Staging area,1,Unknown,,,,,,,,,,,,,,,,,,,,,,,,,,,,,
2014-12-12T00:00:00Z,USA,partner nation forces,,,,,Syria,,5,Kobane,,Fighter and bomber,,,Fighting position,5,Destroyed,Fighting position,1,Unknown,,,,,,,,,,,,,,,,,,,,,,,,,,
2014-12-12T00:00:00Z,USA,partner nation forces,,,,,Syria,,1,Aleppo,,Fighter and bomber,,,Building,5,Unknown,,,,,,,,,,,,,,,,,,,,,,,,,,,,,
2014-12-12T00:00:00Z,USA,partner nation forces,,,,,Syria,,1,Al Qaim,,Fighter and bomber,,,Fortification,2,Destroyed,,,,,,,,,,,,,,,,,,,,,,,,,,,,,
2014-12-15T00:00:00Z,USA,partner nation forces inc. UK and France,,,,,Iraq,3,,Mosul,,France,,,Fighting position,1,Destroyed,Tactical unit,3,Unknown,Heavy machine-gun,1,Suppressed,,,,,,,,,,,,,,,,,,,,,,,
2014-12-15T00:00:00Z,USA,partner nation forces inc. UK and France,,,,,Iraq,1,,Sinjar,,"Fighter, bomber, attack, and remotely piloted aircraft",,,Compound,1,Destroyed,Compound,1,Unknown,,,,,,,,,,,,,,,,,,,,,,,,,,
2014-12-15T00:00:00Z,USA,partner nation forces inc. UK and France,,,,,Iraq,1,,Hit,,"Fighter, bomber, attack, and remotely piloted aircraft",,,Vehicle,1,Destroyed,Excavators,1,Destroyed,Trailer,1,Destroyed,,,,,,,,,,,,,,,,,,,,,,,
2014-12-15T00:00:00Z,USA,partner nation forces inc. UK and France,,,,,Iraq,1,,Al Qaim,,"Fighter, bomber, attack, and remotely piloted aircraft",,,Excavator,1,Destroyed,,,,,,,,,,,,,,,,,,,,,,,,,,,,,
2014-12-15T00:00:00Z,UK,,,,,,Iraq,1,,Ramadi,,Remotely piloted aircraft,1,Hellfire missile,Vehicle,2,Unknown,,,,,,,,,,,,,,,,,,,,,,,,,,,,,
2014-12-15T00:00:00Z,USA,partner nation forces inc. UK and France,,,,,Iraq,1,,Samarra,,"Fighter, bomber, attack, and remotely piloted aircraft",,,Tactical unit,1,Unknown,,,,,,,,,,,,,,,,,,,,,,,,,,,,,
2014-12-15T00:00:00Z,USA,partner nation forces inc. UK and France,,,,,Iraq,1,,Kirkuk,,"Fighter, bomber, attack, and remotely piloted aircraft",,,Vehicle,1,Destroyed,Bunker,1,Destroyed,Tactical unit,1,Unknown,,,,,,,,,,,,,,,,,,,,,,,
2014-12-15T00:00:00Z,USA,partner nation forces,,,,,Syria,,8,Kobane,,Fighter and bomber,,,Fighting position,9,Destroyed,Building,2,Destroyed,Staging area,2,Destroyed,Fighting position,1,Unknown,,,,,,,,,,,,,,,,,,,,
2014-12-15T00:00:00Z,USA,partner nation forces,,,,,Syria,,1,Abu Kamal,,Fighter and bomber,,,Vehicle,1,Destroyed,,,,,,,,,,,,,,,,,,,,,,,,,,,,,
2014-12-17T00:00:00Z,USA,"partner nation forces inc. France, Canada, UK",,,,,Iraq,6,,Mosul,,"Fighter, bomber, attack, and remotely piloted aircraft",,,Heavy machine gun,2,Destroyed,Building,3,Destroyed,Mortar position,1,Destroyed,Bulldozer,1,Destroyed,Bunker,1,Destroyed,Unit,1,Unknown,Tactical unit,1,Unknown,,,,,,,,,,,
2014-12-17T00:00:00Z,Canada,,,,,,Iraq,2,,Mosul,,Fighter,,Precision guided munitions,Fighting position,2,Destroyed,,,,,,,,,,,,,,,,,,,,,,,,,,,,,
2014-12-17T00:00:00Z,USA,partner nation forces inc. Canada and UK,,,,,Iraq,2,,Tal Afar,,"Fighter, bomber, attack, and remotely piloted aircraft",,,Building,1,Destroyed,Bridge,3,Destroyed,Tactical unit,1,Unknown,,,,,,,,,,,,,,,,,,,,,,,
2014-12-17T00:00:00Z,USA,"partner nation forces inc. France, Canada, UK",,,,,Iraq,2,,Sinjar,,"Fighter, bomber, attack, and remotely piloted aircraft",,,Vehicle,2,Destroyed,Guard tower,2,Destroyed,Container,3,Destroyed,Storage container,1,Destroyed,,,,,,,,,,,,,,,,,,,,
2014-12-17T00:00:00Z,USA,partner nation forces inc.Canada and UK,,,,,Iraq,1,,Hit,,"Fighter, bomber, attack, and remotely piloted aircraft",,,Tactical vehicle,1,Destroyed,Excavators,1,Destroyed,,,,,,,,,,,,,,,,,,,,,,,,,,
2014-12-17T00:00:00Z,UK,,,,,,Iraq,1,,Rawah,,Fighter,,Brimstone missiles,Building,1,Destroyed,Storage container,1,Destroyed,,,,,,,,,,,,,,,,,,,,,,,,,,
2014-12-17T00:00:00Z,USA,partner nation forces inc.Canada and UK,,,,,Iraq,1,,Irbil,,"Fighter, bomber, attack, and remotely piloted aircraft",,,Vehicle,1,Destroyed,Tactical unit,1,Unknown,,,,,,,,,,,,,,,,,,,,,,,,,,
2014-12-17T00:00:00Z,USA,partner nation forces inc.Canada and UK,,,,,Iraq,1,,Ramadi,,"Fighter, bomber, attack, and remotely piloted aircraft",,,Building,1,Destroyed,,,,,,,,,,,,,,,,,,,,,,,,,,,,,
2014-12-17T00:00:00Z,USA,"partner nation forces inc. France, Canada, UK",,,,,Iraq,45,,Zumar/Sinjar region,,"Fighter, bomber, attack, and remotely piloted aircraft",,,,,,,,,,,,,,,,,,,,,,,,,,,,,,,,,,
2014-12-17T00:00:00Z,USA,,,,,,Syria,,5,Kobane,,Fighter and bomber,,,Building,1,Destroyed,Staging area,1,Destroyed,Bunker,1,Destroyed,Mortar position,1,Destroyed,Tactical unit,2,Unknown,Building,2,Unknown,Fighting position,2,Unknown,,,,,,,,,,,
2014-12-17T00:00:00Z,USA,,,,,,Syria,,1,Abu Kamal,,Fighter and bomber,,,Tactical vehicle,1,Destroyed,,,,,,,,,,,,,,,,,,,,,,,,,,,,,
2014-12-18T00:00:00Z,USA,partner nation forces inc. UK,,,,,Iraq,2,,Tal Afar,,"Fighter, bomber, attack, and remotely piloted aircraft",,,Excavator,1,Destroyed,Vehicle,1,Destroyed,,,,,,,,,,,,,,,,,,,,,,,,,,
2014-12-18T00:00:00Z,USA,partner nation forces inc. UK,,,,,Iraq,2,,Mosul,,"Fighter, bomber, attack, and remotely piloted aircraft",,,Vehicle,2,Unknown,Tactical unit,1,Unknown,,,,,,,,,,,,,,,,,,,,,,,,,,
2014-12-18T00:00:00Z,USA,partner nation forces inc. UK,,,,,Iraq,1,,Ramadi,,"Fighter, bomber, attack, and remotely piloted aircraft",,,Tactical unit,1,Unknown,,,,,,,,,,,,,,,,,,,,,,,,,,,,,
2014-12-18T00:00:00Z,USA,,,,,,Syria,,6,Kobane,,Fighter and bomber,,,Fighting position,7,Destroyed,Building,1,Destroyed,Tactical unit,1,Unknown,,,,,,,,,,,,,,,,,,,,,,,
